Seitentitel,URL,H1,wichtigste H2s,abgeleitetes Hauptthema,Nebenthemen,Seitentyp,passende Bildmotive,unpassende Bildmotive,Sicherheit der Themenanalyse,Hinweise
Start,https://igienair.de/,Raumlufthygienefür gesunde Raumluft,Technische Hygiene auf höchstem Niveau | Individuelle Branchenlösungen für echte Raumlufthygiene | Deutschlandweit präsent | Raumlufthygiene durch Reinigung und Desinfektion,Raumlufthygienefür gesunde Raumluft,lueftung; reinigung; inspektion; unternehmen; job,Startseite,RLT-Anlage; Lüftungszentrale; Kanäle und Ventile; Reinigungstechniker; Hygieneausrüstung; Vorher/Nachher; Messung; Dokumentation; Inspektion; Team; Zertifikate; Unternehmensgebäude; Arbeitsschutz; Reinigung im Einsatz; Teamarbeit,generisches Büro ohne Bezug; Lifestyle; reine Naturmotivik; Stock ohne Technikbezug,niedrig,Platzhaltertext in H2 | Lokal: index.html
Unternehmen,https://igienair.de/unternehmen/,Unternehmen,Technische Hygiene ist unsere Welt | Unsere Kunden | Kundenstimmen | Festangestellte und zertifizierte Mitarbeiter,Unternehmen,luftkanal; lueftung; reinigung; inspektion,Unternehmen,Luftkanäle; Kanalreinigung; Techniker an Kanal; RLT-Anlage; Lüftungszentrale; Kanäle und Ventile; Reinigungstechniker; Hygieneausrüstung; Vorher/Nachher; Messung; Dokumentation; Inspektion; Team; Zertifikate; Unternehmensgebäude,generisches Büro ohne Bezug; Lifestyle; reine Naturmotivik; Stock ohne Technikbezug,niedrig,Platzhaltertext in H2 | Lokal: unternehmen-2.html
Qualität,https://igienair.de/unternehmen/qualitaet/,Qualität,"Lorem ipsum dolor sit | Lorem ipsum dolor sit amet, consectetuer adipiscing elit. Aenean commodo ligula eget dolor. | Lorem ipsum dolor sit",Qualität,luftkanal; lueftung; reinigung; inspektion; norm; unternehmen,Unternehmen,Luftkanäle; Kanalreinigung; Techniker an Kanal; RLT-Anlage; Lüftungszentrale; Kanäle und Ventile; Reinigungstechniker; Hygieneausrüstung; Vorher/Nachher; Messung; Dokumentation; Inspektion; Team; Zertifikate; Unternehmensgebäude,generisches Büro ohne Bezug; Lifestyle; reine Naturmotivik; Stock ohne Technikbezug,niedrig,Platzhaltertext in H2 | Lokal: qualitaet.html
Sicherheit,https://igienair.de/unternehmen/sicherheit/,Sicherheit,"Lorem ipsum dolor sit | Lorem ipsum dolor sit amet, consectetuer adipiscing elit. Aenean commodo ligula eget dolor. | Lorem ipsum dolor sit",Sicherheit,reinigung; inspektion; unternehmen; job,Unternehmen,Reinigungstechniker; Hygieneausrüstung; Vorher/Nachher; Messung; Dokumentation; Inspektion; Team; Zertifikate; Unternehmensgebäude; Arbeitsschutz; Reinigung im Einsatz; Teamarbeit,generisches Büro ohne Bezug; Lifestyle; reine Naturmotivik; Stock ohne Technikbezug,niedrig,Platzhaltertext in H2 | Lokal: sicherheit.html
Nachhaltigkeit,https://igienair.de/unternehmen/nachhaltigkeit/,Nachhaltigkeit,"Nachhaltigkeit | Lorem ipsum dolor sit amet, consectetuer adipiscing elit. Aenean commodo ligula eget dolor. | Lorem ipsum dolor sit",Nachhaltigkeit,reinigung; inspektion; unternehmen,Unternehmen,Reinigungstechniker; Hygieneausrüstung; Vorher/Nachher; Messung; Dokumentation; Inspektion; Team; Zertifikate; Unternehmensgebäude,generisches Büro ohne Bezug; Lifestyle; reine Naturmotivik; Stock ohne Technikbezug,niedrig,Platzhaltertext in H2 | Lokal: nachhaltigkeit.html
Umweltschutz,https://igienair.de/unternehmen/umweltschutz/,Umweltschutz,"Umweltschutz als Basis unserer Arbeit | Lorem ipsum dolor sit amet, consectetuer adipiscing elit. Aenean commodo ligula eget dolor. | Lorem ipsum dolor sit",Umweltschutz,lueftung; reinigung; inspektion; unternehmen,Unternehmen,RLT-Anlage; Lüftungszentrale; Kanäle und Ventile; Reinigungstechniker; Hygieneausrüstung; Vorher/Nachher; Messung; Dokumentation; Inspektion; Team; Zertifikate; Unternehmensgebäude,generisches Büro ohne Bezug; Lifestyle; reine Naturmotivik; Stock ohne Technikbezug,niedrig,Platzhaltertext in H2 | Lokal: umweltschutz.html
Zertifizierungen,https://igienair.de/unternehmen/zertifizierungen/,Zertifizierungen,Wir arbeiten mit dem Fokus auf Qualität und Sicherheit,Zertifizierungen,lueftung; kuehlturm; kuehlung; reinigung; inspektion; unternehmen,Unternehmen,RLT-Anlage; Lüftungszentrale; Kanäle und Ventile; Kühlturm; Verdunstungskühler; Wetterschutz; Reinigungstechniker; Hygieneausrüstung; Vorher/Nachher; Messung; Dokumentation; Inspektion; Team; Zertifikate; Unternehmensgebäude,generisches Büro ohne Bezug; Lifestyle; reine Naturmotivik; Stock ohne Technikbezug,hoch,Lokal: zertifizierungen.html
Glossar,https://igienair.de/glossar/,Glossar zur Raumlufthygiene und unseren Leistungen,,Glossar zur Raumlufthygiene und unseren Leistungen,lueftung; kueche; reinigung; inspektion; branche; unternehmen; job,Unternehmen,RLT-Anlage; Lüftungszentrale; Kanäle und Ventile; Gewerbeküche; Fettfilter; Abluft Haube; Reinigungstechniker; Hygieneausrüstung; Vorher/Nachher; Messung; Dokumentation; Inspektion; Team; Zertifikate; Unternehmensgebäude; Arbeitsschutz; Reinigung im Einsatz; Teamarbeit,generisches Büro ohne Bezug; Lifestyle; reine Naturmotivik; Stock ohne Technikbezug,hoch,Lokal: glossar.html
Leistungen,https://igienair.de/leistungen/,Unsere Leistungen,Wir bieten Ihnen weit mehr als technische Hygiene. | Unsere Leistungen im Überblick,Unsere Leistungen,luftkanal; reinigung; norm,Leistung,Luftkanäle; Kanalreinigung; Techniker an Kanal; Reinigungstechniker; Hygieneausrüstung; Vorher/Nachher,generisches Büro ohne Bezug; Lifestyle; reine Naturmotivik; Stock ohne Technikbezug,hoch,Lokal: leistungen-2.html
Inspektion & Gutachten,https://igienair.de/inspektionundgutachten/,Hygieneinspektionen und Gefährdungsbeurteilungen,Hygieneinspektionen und Gefährdungsbeurteilungen nach VDI 6022 und VDI 2047-2 | Wir führen folgende Gutachten &Inspektionen durch:,Hygieneinspektionen und Gefährdungsbeurteilungen,luftkanal; lueftung; kuehlung; reinigung; inspektion; norm,Leistung,Luftkanäle; Kanalreinigung; Techniker an Kanal; RLT-Anlage; Lüftungszentrale; Kanäle und Ventile; Reinigungstechniker; Hygieneausrüstung; Vorher/Nachher; Messung; Dokumentation; Inspektion,generisches Büro ohne Bezug; Lifestyle; reine Naturmotivik; Stock ohne Technikbezug,hoch,Lokal: inspektionundgutachten.html
Hygieneispektion VDI 6022,https://igienair.de/hygieneinspektion-vdi-6022/,Hygieneinspektion nach VDI 6022,Die VDI 6022 Hygieneinspektion Pflicht gewährleistet die gute Qualität des Lebensmittels Luft | Hygieneinspektion nach VDI 6022 für saubere Luft | Wir erstellen rechtssichere Gutachten für RLT-Anlagen auf Grundlage einer Hygieneprüfung Lüftung nach VDI 6022 | Quisque rutrum. Aenean imperdiet.,Hygieneinspektion nach VDI 6022,lueftung; reinigung; inspektion; norm; branche; unternehmen; job,Leistung,RLT-Anlage; Lüftungszentrale; Kanäle und Ventile; Reinigungstechniker; Hygieneausrüstung; Vorher/Nachher; Messung; Dokumentation; Inspektion; Team; Zertifikate; Unternehmensgebäude; Arbeitsschutz; Reinigung im Einsatz; Teamarbeit,generisches Büro ohne Bezug; Lifestyle; reine Naturmotivik; Stock ohne Technikbezug,niedrig,Platzhaltertext in H2 | Lokal: hygieneinspektion-vdi-6022.html
Kanaluntersuchung,https://igienair.de/kanaluntersuchung/,Kanaluntersuchung / Kanalinspektion,Kanalinspektion und Kanaluntersuchung vor oder nach der Reinigung mit Videotechnik | Kanalinspektion mit Roboterfahrzeugen,Kanaluntersuchung / Kanalinspektion,luftkanal; reinigung; inspektion; norm,Leistung,Luftkanäle; Kanalreinigung; Techniker an Kanal; Reinigungstechniker; Hygieneausrüstung; Vorher/Nachher; Messung; Dokumentation; Inspektion,generisches Büro ohne Bezug; Lifestyle; reine Naturmotivik; Stock ohne Technikbezug,hoch,Lokal: kanaluntersuchung.html
Reinigung & Desinfektion,https://igienair.de/reinigung-desinfektion/,Reinigung & Desinfektion,"Reinigung & Desinfektion von raumlufttechnischen Anlagen | Leistungen der Reinigung gem. VDI 6022, VDI 2047-2 und VDI 2052 | Videos",Reinigung & Desinfektion,lueftung; kuehlung; reinigung; norm,Leistung,RLT-Anlage; Lüftungszentrale; Kanäle und Ventile; Reinigungstechniker; Hygieneausrüstung; Vorher/Nachher,generisches Büro ohne Bezug; Lifestyle; reine Naturmotivik; Stock ohne Technikbezug,hoch,Lokal: reinigung-desinfektion.html
Instandsetzung & Sanierung,https://igienair.de/instandsetzung-sanierung/,Instandsetzung & Sanierung,Instandsetzung und Sanierung – Mehr als nur Pflege und Wartung,Instandsetzung & Sanierung,lueftung; kuehlturm; kuehlung; reinigung,Leistung,RLT-Anlage; Lüftungszentrale; Kanäle und Ventile; Kühlturm; Verdunstungskühler; Wetterschutz; Reinigungstechniker; Hygieneausrüstung; Vorher/Nachher,generisches Büro ohne Bezug; Lifestyle; reine Naturmotivik; Stock ohne Technikbezug,hoch,Lokal: instandsetzung-sanierung.html
Energetische Inspektion,https://igienair.de/energetische-inspektion-geg-2020/,Energetische Inspektion von Klimaanlagen nach GEG 2020,Energetische Inspektion von Klimaanlagen und kombinierten Klima- und Lüftungsanlagen nach GEG 2020 durch die IGIENAIR GmbH | Die Inspektionspflicht des Gebäudeenergiegesetzes (GEG 2020) | Grundlagen des Gebäudeenergiegesetzes (GEG) 2020 | Gesetzliche Anforderungen an die energetische Inspektion von Klimaanlagen,Energetische Inspektion von Klimaanlagen nach GEG 2020,lueftung; inspektion; unternehmen,Leistung,RLT-Anlage; Lüftungszentrale; Kanäle und Ventile; Messung; Dokumentation; Inspektion; Team; Zertifikate; Unternehmensgebäude,generisches Büro ohne Bezug; Lifestyle; reine Naturmotivik; Stock ohne Technikbezug,niedrig,Platzhaltertext in H2 | Lokal: energetische-inspektion-geg-2020.html
Gesundheitswesen **,https://igienair.de/gesundheitswesen/,Gesundheitswesen,Technische Hygiene ist unsere Welt,Gesundheitswesen,reinraum; reinigung; inspektion; branche; job; filter,Branche,Reinigungstechniker; Hygieneausrüstung; Vorher/Nachher; Messung; Dokumentation; Inspektion; Arbeitsschutz; Reinigung im Einsatz; Teamarbeit,generisches Büro ohne Bezug; Lifestyle; reine Naturmotivik; Stock ohne Technikbezug,hoch,Lokal: gesundheitswesen.html
Pharma **,https://igienair.de/pharma/,Pharma,Lüftungsanlagen im Gesundheitswesen und der pharmazeutischen Industrie,Pharma,lueftung; labor; reinraum; reinigung; norm; branche; job; filter,Branche,RLT-Anlage; Lüftungszentrale; Kanäle und Ventile; Reinigungstechniker; Hygieneausrüstung; Vorher/Nachher; Arbeitsschutz; Reinigung im Einsatz; Teamarbeit,generisches Büro ohne Bezug; Lifestyle; reine Naturmotivik; Stock ohne Technikbezug,hoch,Lokal: pharma.html
Lebensmittel **,https://igienair.de/lebensmittel/,Lebensmittel,Kühl- und Lüftungsanlagen in der Lebensmittelindustrie,Lebensmittel,luftkanal; lueftung; kuehlturm; reinraum; kuehlung; reinigung; branche; job,Branche,Luftkanäle; Kanalreinigung; Techniker an Kanal; RLT-Anlage; Lüftungszentrale; Kanäle und Ventile; Kühlturm; Verdunstungskühler; Wetterschutz; Reinigungstechniker; Hygieneausrüstung; Vorher/Nachher; Arbeitsschutz; Reinigung im Einsatz; Teamarbeit,generisches Büro ohne Bezug; Lifestyle; reine Naturmotivik; Stock ohne Technikbezug,hoch,Lokal: lebensmittel.html
Industrie **,https://igienair.de/industrie/,Reinigung nach DIN EN 15780 und VDI 6022,Reinigung nach DIN EN 15780 und VDI 6022 von industriellen Lüftungsanlagen,Reinigung nach DIN EN 15780 und VDI 6022,luftkanal; lueftung; kuehlung; reinigung; norm; branche; unternehmen; prozess,Branche,Luftkanäle; Kanalreinigung; Techniker an Kanal; RLT-Anlage; Lüftungszentrale; Kanäle und Ventile; Reinigungstechniker; Hygieneausrüstung; Vorher/Nachher; Team; Zertifikate; Unternehmensgebäude,generisches Büro ohne Bezug; Lifestyle; reine Naturmotivik; Stock ohne Technikbezug,hoch,Lokal: industrie.html
Gastronomie **,https://igienair.de/gastronomie/,Gastronomie,Reinigung und Desinfektion in der Gastronomie,Gastronomie,lueftung; kueche; kuehlung; reinigung; norm; branche; unternehmen,Branche,RLT-Anlage; Lüftungszentrale; Kanäle und Ventile; Gewerbeküche; Fettfilter; Abluft Haube; Reinigungstechniker; Hygieneausrüstung; Vorher/Nachher; Team; Zertifikate; Unternehmensgebäude,generisches Büro ohne Bezug; Lifestyle; reine Naturmotivik; Stock ohne Technikbezug,hoch,Lokal: gastronomie.html
Gemeinden **,https://igienair.de/gemeinden/,Gemeinden,Hygienetechnische Reinigung von Lüftungsanlagen auf kommunaler Ebene,Gemeinden,lueftung; kueche; labor; reinigung; inspektion; branche; job,Branche,RLT-Anlage; Lüftungszentrale; Kanäle und Ventile; Gewerbeküche; Fettfilter; Abluft Haube; Reinigungstechniker; Hygieneausrüstung; Vorher/Nachher; Messung; Dokumentation; Inspektion; Arbeitsschutz; Reinigung im Einsatz; Teamarbeit,generisches Büro ohne Bezug; Lifestyle; reine Naturmotivik; Stock ohne Technikbezug,hoch,Lokal: gemeinden.html
Normen,https://igienair.de/normen/,Normen,Normen,Normen,norm; job,Norm,Arbeitsschutz; Reinigung im Einsatz; Teamarbeit,generisches Büro ohne Bezug; Lifestyle; reine Naturmotivik; Stock ohne Technikbezug,hoch,Lokal: normen-2.html
VDI 6022,https://igienair.de/normen/vdi-6022/,Inspektion VDI 6022,Inspektion VDI 6022 – Wir führen sie für Sie durch,Inspektion VDI 6022,reinigung; inspektion; norm; unternehmen,Norm,Reinigungstechniker; Hygieneausrüstung; Vorher/Nachher; Messung; Dokumentation; Inspektion; Team; Zertifikate; Unternehmensgebäude,generisches Büro ohne Bezug; Lifestyle; reine Naturmotivik; Stock ohne Technikbezug,hoch,Lokal: vdi-6022.html
VDI 2047-2,https://igienair.de/normen/vdi-2047/,VDI 2047-2,Risikoanalyse VDI 2047&#8209;2 Gefährdungsbeurteilung,VDI 2047-2,kuehlturm; kuehlung; inspektion; norm,Norm,Kühlturm; Verdunstungskühler; Wetterschutz; Messung; Dokumentation; Inspektion,generisches Büro ohne Bezug; Lifestyle; reine Naturmotivik; Stock ohne Technikbezug,hoch,Lokal: vdi-2047.html
VDI 2052 & BGR 111,https://igienair.de/normen/vdi-2052-bgr-111/,VDI 2052 & BGR 111,Technische Hygiene ist unsere Welt,VDI 2052 & BGR 111,lueftung; kuehlung; reinigung; inspektion; norm,Norm,RLT-Anlage; Lüftungszentrale; Kanäle und Ventile; Reinigungstechniker; Hygieneausrüstung; Vorher/Nachher; Messung; Dokumentation; Inspektion,generisches Büro ohne Bezug; Lifestyle; reine Naturmotivik; Stock ohne Technikbezug,hoch,Lokal: vdi-2052-bgr-111.html
DIN EN 15780,https://igienair.de/normen/din-en-15780/,DIN EN 15780,Technische Hygiene ist unsere Welt,DIN EN 15780,lueftung; reinigung; norm,Norm,RLT-Anlage; Lüftungszentrale; Kanäle und Ventile; Reinigungstechniker; Hygieneausrüstung; Vorher/Nachher,generisches Büro ohne Bezug; Lifestyle; reine Naturmotivik; Stock ohne Technikbezug,hoch,Lokal: din-en-15780.html
DIN EN 14175,https://igienair.de/normen/din-en-14175/,Normen,Normen,Normen,norm; job,Norm,Arbeitsschutz; Reinigung im Einsatz; Teamarbeit,generisches Büro ohne Bezug; Lifestyle; reine Naturmotivik; Stock ohne Technikbezug,hoch,Lokal: normen-2.html
Anlagen,https://igienair.de/anlagen/,Anlagen,Anlagen,Anlagen,lueftung; kuehlturm; kuehlung; reinigung; inspektion,Informationsseite,RLT-Anlage; Lüftungszentrale; Kanäle und Ventile; Kühlturm; Verdunstungskühler; Wetterschutz; Reinigungstechniker; Hygieneausrüstung; Vorher/Nachher; Messung; Dokumentation; Inspektion,generisches Büro ohne Bezug; Lifestyle; reine Naturmotivik; Stock ohne Technikbezug,hoch,Lokal: anlagen-2.html
Lüftungsanlagen,https://igienair.de/anlagen/lueftungsreinigung/,Die Lüftungsreinigung VDI 6022 schützt Kunden und Mitarbeiter,Eine Lüftungsanlage Reinigung sorgt für die volle Funktionsfähigkeit Ihrer RLT Anlagen | Mehr Informationen zur Lüftungsreinigung (VDI 6022): | Eine fachgerechte Lüftungsanlage Reinigung schützt Kunden und Mitarbeiter | Was ist eine Reinigung Lüftungsanlage?,Die Lüftungsreinigung VDI 6022 schützt Kunden und Mitarbeiter,luftkanal; lueftung; kuehlturm; reinigung; norm; unternehmen; job,Leistung-Anlage,Luftkanäle; Kanalreinigung; Techniker an Kanal; RLT-Anlage; Lüftungszentrale; Kanäle und Ventile; Kühlturm; Verdunstungskühler; Wetterschutz; Reinigungstechniker; Hygieneausrüstung; Vorher/Nachher; Team; Zertifikate; Unternehmensgebäude; Arbeitsschutz; Reinigung im Einsatz; Teamarbeit,generisches Büro ohne Bezug; Lifestyle; reine Naturmotivik; Stock ohne Technikbezug,niedrig,Platzhaltertext in H2 | Lokal: lueftungsreinigung.html
Zu- & Abluftkanäle,https://igienair.de/anlagen/luftkanalreinigung/,Reinigung Lüftungskanäle. Die Luftkanalreinigung,Mit einer Luftkanalreinigung nach VDI 6022 für einen gesunden Luftstrom sorgen: Igienair ist Ihr starker Partner | Reinigung Lüftungskanäle durch Igienair: Effiziente Leistungen für einen gesunden Betrieb | Wir bieten Leistungen in folgenden Bereichen:,Reinigung Lüftungskanäle. Die Luftkanalreinigung,luftkanal; lueftung; reinigung; inspektion; norm; branche; job,Leistung-Anlage,Luftkanäle; Kanalreinigung; Techniker an Kanal; RLT-Anlage; Lüftungszentrale; Kanäle und Ventile; Reinigungstechniker; Hygieneausrüstung; Vorher/Nachher; Messung; Dokumentation; Inspektion; Arbeitsschutz; Reinigung im Einsatz; Teamarbeit,generisches Büro ohne Bezug; Lifestyle; reine Naturmotivik; Stock ohne Technikbezug,hoch,Lokal: luftkanalreinigung.html
Verdunstungskühlanlage,https://igienair.de/anlagen/kuehlturmreinigung/,Verdunstungskühlanlage Reinigung,Kühlturm Reinigung: Grundlegend für einen hygienischen Betrieb von Verdunstungskühlanlagen gemäß der 42. BImSchV und der VDI 2047-2 | Normkonformer Betrieb Ihrer Anlagen dank der Kühlturm Reinigung durch Igienair | Quisque rutrum. Aenean imperdiet.,Verdunstungskühlanlage Reinigung,kuehlturm; kuehlung; reinigung; norm; branche,Leistung-Anlage,Kühlturm; Verdunstungskühler; Wetterschutz; Reinigungstechniker; Hygieneausrüstung; Vorher/Nachher,generisches Büro ohne Bezug; Lifestyle; reine Naturmotivik; Stock ohne Technikbezug,niedrig,Platzhaltertext in H2 | Lokal: kuehlturmreinigung.html
Prozessabluft & Entrauchungsanlagen,https://igienair.de/anlagen/prozessabluft-und-entrauchungsanlagen/,Prozessabluft und Entrauchungsanlagen,Denn: Sicherheit geht vor!,Prozessabluft und Entrauchungsanlagen,labor; inspektion; unternehmen; prozess,Leistung-Anlage,Messung; Dokumentation; Inspektion; Team; Zertifikate; Unternehmensgebäude,generisches Büro ohne Bezug; Lifestyle; reine Naturmotivik; Stock ohne Technikbezug,hoch,Lokal: prozessabluft-und-entrauchungsanlagen.html
Laborabzüge & Digestorien,https://igienair.de/anlagen/laborabzuege/,Digestorium: Die Laborabzug Prüfung nach DIN EN 14175,Digestorium und die Laborabzug Prüfung: Sorgen Sie für hygienische Luft für Ihre Labormitarbeiter | Digestorien beseitigen Gefahrenquellen | Quisque rutrum. Aenean imperdiet.,Digestorium: Die Laborabzug Prüfung nach DIN EN 14175,labor; reinigung; inspektion; norm; branche; job,Leistung-Anlage,Reinigungstechniker; Hygieneausrüstung; Vorher/Nachher; Messung; Dokumentation; Inspektion; Arbeitsschutz; Reinigung im Einsatz; Teamarbeit,generisches Büro ohne Bezug; Lifestyle; reine Naturmotivik; Stock ohne Technikbezug,niedrig,Platzhaltertext in H2 | Lokal: laborabzuege.html
Reinräume,https://igienair.de/anlagen/reinraumqualifizierung/,Reinraum-qualifizierung vom Experten,Reinraumqualifizierung nach DIN EN ISO 14644 und DIN 1946 | Wir führen für unsere Kunden die folgenden Arten einer Reinraumqualifizierung durch: | Wie läuft eine Reinraumqualifizierung ab? | Quisque rutrum. Aenean imperdiet.,Reinraum-qualifizierung vom Experten,lueftung; reinraum; reinigung; inspektion; norm; unternehmen,Leistung-Anlage,RLT-Anlage; Lüftungszentrale; Kanäle und Ventile; Reinigungstechniker; Hygieneausrüstung; Vorher/Nachher; Messung; Dokumentation; Inspektion; Team; Zertifikate; Unternehmensgebäude,generisches Büro ohne Bezug; Lifestyle; reine Naturmotivik; Stock ohne Technikbezug,niedrig,Platzhaltertext in H2 | Lokal: reinraumqualifizierung.html
Kühlregale,https://igienair.de/anlagen/kuehlregale/,Kühlregale,Hohe Anforderungen an die Hygiene,Kühlregale,kuehlung; reinigung; branche,Leistung-Anlage,Reinigungstechniker; Hygieneausrüstung; Vorher/Nachher,generisches Büro ohne Bezug; Lifestyle; reine Naturmotivik; Stock ohne Technikbezug,hoch,Lokal: kuehlregale.html
Rechenzentrum,https://igienair.de/anlagen/rechenzentrum/,Rechenzentrum Reinigung,Rechenzentrum Reinigung: Hygiene und Sicherheit für Ihre Daten,Rechenzentrum Reinigung,kuehlturm; kuehlung; reinigung; unternehmen; job; rechenzentrum,Leistung-Anlage,Kühlturm; Verdunstungskühler; Wetterschutz; Reinigungstechniker; Hygieneausrüstung; Vorher/Nachher; Team; Zertifikate; Unternehmensgebäude; Arbeitsschutz; Reinigung im Einsatz; Teamarbeit,generisches Büro ohne Bezug; Lifestyle; reine Naturmotivik; Stock ohne Technikbezug,hoch,Lokal: rechenzentrum.html
Lecktest Schwebstofffilter,https://igienair.de/lecktest-schwebstofffilter/,Lecktest Schwebstofffilter,Lecktest Schwebstofffilter: Saubere Gewissheit für Betreiber von Reinräumen | Wozu dient der Lecktest am Schwebstofffilter? | Wann ist ein Lecktest am Schwebstofffilter notwendig? | Wie läuft ein Lecktest am Schwebstofffilter ab?,Lecktest Schwebstofffilter,reinraum; branche; filter,Informationsseite,Technische Hygiene; Industrieanlage; Fachpersonal,generisches Büro ohne Bezug; Lifestyle; reine Naturmotivik; Stock ohne Technikbezug,niedrig,Platzhaltertext in H2 | Lokal: lecktest-schwebstofffilter.html
RLT-Anlagen,https://igienair.de/anlagen/lueftungsanlagenreinigung/,Die Lüftungsreinigung VDI 6022 schützt Kunden und Mitarbeiter,Eine Lüftungsanlage Reinigung sorgt für die volle Funktionsfähigkeit Ihrer RLT Anlagen | Mehr Informationen zur Lüftungsreinigung (VDI 6022): | Eine fachgerechte Lüftungsanlage Reinigung schützt Kunden und Mitarbeiter | Was ist eine Reinigung Lüftungsanlage?,Die Lüftungsreinigung VDI 6022 schützt Kunden und Mitarbeiter,luftkanal; lueftung; kuehlturm; reinigung; norm; unternehmen; job,Leistung-Anlage,Luftkanäle; Kanalreinigung; Techniker an Kanal; RLT-Anlage; Lüftungszentrale; Kanäle und Ventile; Kühlturm; Verdunstungskühler; Wetterschutz; Reinigungstechniker; Hygieneausrüstung; Vorher/Nachher; Team; Zertifikate; Unternehmensgebäude; Arbeitsschutz; Reinigung im Einsatz; Teamarbeit,generisches Büro ohne Bezug; Lifestyle; reine Naturmotivik; Stock ohne Technikbezug,niedrig,Platzhaltertext in H2 | Lokal: lueftungsreinigung.html
RLT-Hygiene,https://igienair.de/rlt-hygiene/,RLT Hygiene,RLT Hygiene – funktionsfähige und leistungsstarke RLT Anlagen mit Igienair | Wie wichtig ist RLT Hygiene? | RLT Hygiene: Unsere Leistungen für Ihre RLT-Anlagen | Quisque rutrum. Aenean imperdiet.,RLT Hygiene,lueftung; reinigung; inspektion; norm; branche; unternehmen; job,Leistung,RLT-Anlage; Lüftungszentrale; Kanäle und Ventile; Reinigungstechniker; Hygieneausrüstung; Vorher/Nachher; Messung; Dokumentation; Inspektion; Team; Zertifikate; Unternehmensgebäude; Arbeitsschutz; Reinigung im Einsatz; Teamarbeit,generisches Büro ohne Bezug; Lifestyle; reine Naturmotivik; Stock ohne Technikbezug,niedrig,Platzhaltertext in H2 | Lokal: rlt-hygiene.html
Raumluftdesinfektion,https://igienair.de/anlagen/raumluftdesinfektion/,Raumdesinfektion mit Wasserstoffperoxid nach NF T72-110 03.2019,Raumluftdesinfektion mit Wasserstoffperoxid nach NF T72-110 03.2019,Raumdesinfektion mit Wasserstoffperoxid nach NF T72-110 03.2019,lueftung; reinigung,Leistung-Anlage,RLT-Anlage; Lüftungszentrale; Kanäle und Ventile; Reinigungstechniker; Hygieneausrüstung; Vorher/Nachher,generisches Büro ohne Bezug; Lifestyle; reine Naturmotivik; Stock ohne Technikbezug,hoch,Lokal: raumluftdesinfektion.html
Splitklimageräte & Umluftkühlgeräte,https://igienair.de/anlagen/splitklimageraete-und-umluftkuehlgeraete/,Umluftkühlgeräte & Splitklimageräte,Umluftkühlgeräte & Splitklimageräte werden immer häufiger in Büros verbaut,Umluftkühlgeräte & Splitklimageräte,lueftung; kuehlung; reinigung; inspektion; norm; branche,Leistung-Anlage,RLT-Anlage; Lüftungszentrale; Kanäle und Ventile; Reinigungstechniker; Hygieneausrüstung; Vorher/Nachher; Messung; Dokumentation; Inspektion,generisches Büro ohne Bezug; Lifestyle; reine Naturmotivik; Stock ohne Technikbezug,hoch,Lokal: splitklimageraete-und-umluftkuehlgeraete.html
Küchenabluftsysteme,https://igienair.de/anlagen/kuechenabluftsysteme/,Küchenabluftsysteme,Brandschutztechnische Reinigung – Küchenabluftsysteme | Reinigung der Küchenabluftsysteme ist ein Sicherheitsfaktor,Küchenabluftsysteme,kueche; reinigung; norm; unternehmen,Leistung-Anlage,Gewerbeküche; Fettfilter; Abluft Haube; Reinigungstechniker; Hygieneausrüstung; Vorher/Nachher; Team; Zertifikate; Unternehmensgebäude,generisches Büro ohne Bezug; Lifestyle; reine Naturmotivik; Stock ohne Technikbezug,hoch,Lokal: kuechenabluftsysteme.html
Verdampfer & Kondensatoren,https://igienair.de/anlagen/verdampfer-und-kondensatoren/,Verdampfer und Kondensatoren,Saubere Register für Kälteanlagen,Verdampfer und Kondensatoren,kuehlung; inspektion,Leistung-Anlage,Messung; Dokumentation; Inspektion,generisches Büro ohne Bezug; Lifestyle; reine Naturmotivik; Stock ohne Technikbezug,hoch,Lokal: verdampfer-und-kondensatoren.html
OP-Räume,https://igienair.de/anlagen/op-raum-pruefung/,OP Raum Prüfung und RLT Anlage Prüfung,OP Raum Prüfung: Hygienisch saubere Luft nach DIN 1946-4 für hochsensible Bereiche. RLT Anlage Prüfung durch Igienair. | Warum werden in OP Räumen RLT Anlagen eingesetzt? | Was wird bei der OP Raum Prüfung kontrolliert? | RLT Anlage Prüfung: Die Raumklassen,OP Raum Prüfung und RLT Anlage Prüfung,lueftung; reinraum; inspektion; norm; branche; unternehmen; job,Leistung-Anlage,RLT-Anlage; Lüftungszentrale; Kanäle und Ventile; Messung; Dokumentation; Inspektion; Team; Zertifikate; Unternehmensgebäude; Arbeitsschutz; Reinigung im Einsatz; Teamarbeit,generisches Büro ohne Bezug; Lifestyle; reine Naturmotivik; Stock ohne Technikbezug,niedrig,Platzhaltertext in H2 | Lokal: op-raum-pruefung.html
Textilschläuche,https://igienair.de/anlagen/textilschlaeuche/,Hygieneinspektion und Gefährdungsbeurteilung nach VDI 6022 und VDI 2047-2,Spezielle Hygiene wegen großer Oberfläche | Reinigung und Desinfektion der Textilschläuche Ihrer Lüftungsanlage,Hygieneinspektion und Gefährdungsbeurteilung nach VDI 6022 und VDI 2047-2,lueftung; reinigung; inspektion; norm,Leistung-Anlage,RLT-Anlage; Lüftungszentrale; Kanäle und Ventile; Reinigungstechniker; Hygieneausrüstung; Vorher/Nachher; Messung; Dokumentation; Inspektion,generisches Büro ohne Bezug; Lifestyle; reine Naturmotivik; Stock ohne Technikbezug,hoch,Lokal: textilschlaeuche.html
Kühlsysteme,https://igienair.de/anlagen/kuehlsysteme/,Kühlsysteme,Wir bieten Folgende Kühlsysteme | Verdunstungskühlanlage | Immer häufiger in Büros verbaut: Klimaanlagen und Umluftkühler | Saubere Register für Kälteanlagen,Kühlsysteme,kuehlturm; kuehlung; reinigung; norm; job,Leistung-Anlage,Kühlturm; Verdunstungskühler; Wetterschutz; Reinigungstechniker; Hygieneausrüstung; Vorher/Nachher; Arbeitsschutz; Reinigung im Einsatz; Teamarbeit,generisches Büro ohne Bezug; Lifestyle; reine Naturmotivik; Stock ohne Technikbezug,hoch,Lokal: kuehlsysteme.html
Filterintigritätstest,https://igienair.de/filterintegritaetstest/,Filterintegritätstest für Reinräume,"Filterintegritätstest: Gewährleisten Sie mit Igienair, dass dicht ist, was dicht sein muss | Filterintegritätstest: Gewährleisten Sie mit Igienair, dass dicht ist, was dicht sein muss | Was passiert bei einem Filterintegritätstest? | Quisque rutrum. Aenean imperdiet.",Filterintegritätstest für Reinräume,lueftung; reinraum; reinigung; branche; unternehmen; job; filter,Informationsseite,RLT-Anlage; Lüftungszentrale; Kanäle und Ventile; Reinigungstechniker; Hygieneausrüstung; Vorher/Nachher; Team; Zertifikate; Unternehmensgebäude; Arbeitsschutz; Reinigung im Einsatz; Teamarbeit,generisches Büro ohne Bezug; Lifestyle; reine Naturmotivik; Stock ohne Technikbezug,niedrig,Platzhaltertext in H2 | Lokal: filterintegritaetstest.html
Kunden,https://igienair.de/kunden/,Anlagen,Gesunde Luft braucht jede Branche,Anlagen,lueftung; reinigung; inspektion; unternehmen,Kunden,RLT-Anlage; Lüftungszentrale; Kanäle und Ventile; Reinigungstechniker; Hygieneausrüstung; Vorher/Nachher; Messung; Dokumentation; Inspektion; Team; Zertifikate; Unternehmensgebäude,generisches Büro ohne Bezug; Lifestyle; reine Naturmotivik; Stock ohne Technikbezug,hoch,Lokal: kunden-2.html
Branchen,https://igienair.de/branchen/,Branchen,Kunden aus allen Branchen,Branchen,lueftung; reinigung; norm; unternehmen,Branche,RLT-Anlage; Lüftungszentrale; Kanäle und Ventile; Reinigungstechniker; Hygieneausrüstung; Vorher/Nachher; Team; Zertifikate; Unternehmensgebäude,generisches Büro ohne Bezug; Lifestyle; reine Naturmotivik; Stock ohne Technikbezug,hoch,Lokal: branchen.html
Referenzen,https://igienair.de/kunden/referenzen/,Referenzen,Referenzen in Deutschland,Referenzen,lueftung; kuehlung; reinigung; unternehmen,Referenz-Region,RLT-Anlage; Lüftungszentrale; Kanäle und Ventile; Reinigungstechniker; Hygieneausrüstung; Vorher/Nachher; Stadt/Region; Industrieumfeld; Team vor Ort; Team; Zertifikate; Unternehmensgebäude,generisches Büro ohne Bezug; Lifestyle; reine Naturmotivik; Stock ohne Technikbezug,hoch,Lokal: referenzen.html
Baden-Württemberg,https://igienair.de/kunden/referenzen/baden-wuerttemberg/,Saubere Luft für Baden-Württemberg,Zufriedene Kunden in Baden-Württembergs Ballungszentren,Saubere Luft für Baden-Württemberg,lueftung; reinigung; inspektion; standort; unternehmen,Referenz-Standort,RLT-Anlage; Lüftungszentrale; Kanäle und Ventile; Reinigungstechniker; Hygieneausrüstung; Vorher/Nachher; Messung; Dokumentation; Inspektion; Stadt/Region; Industrieumfeld; Team vor Ort; Team; Zertifikate; Unternehmensgebäude,generisches Büro ohne Bezug; Lifestyle; reine Naturmotivik; Stock ohne Technikbezug,hoch,Lokal: baden-wuerttemberg.html
Karlsruhe,https://igienair.de/kunden/referenzen/baden-wuerttemberg/karlsruhe/,Saubere Luft für Karlsruhe,Igienair: Ihr qualifizierter Partner für die Reinigung und Inspektion von Kühltürmen und RLT-Anlagen in Karlsruhe und Umgebung | Technische Raumlufthygiene in Karlsruhe – Das leistet Igienair | Quisque rutrum. Aenean imperdiet. | Verlassen Sie sich mit Igienair bei der Reinigung und Inspektion Ihrer Zu- und Abluftsysteme in Karlsruhe auf einen ausgewiesenen Experten,Saubere Luft für Karlsruhe,lueftung; kuehlung; reinigung; inspektion; norm; standort; unternehmen,Referenz-Standort,RLT-Anlage; Lüftungszentrale; Kanäle und Ventile; Reinigungstechniker; Hygieneausrüstung; Vorher/Nachher; Messung; Dokumentation; Inspektion; Stadt/Region; Industrieumfeld; Team vor Ort; Team; Zertifikate; Unternehmensgebäude,generisches Büro ohne Bezug; Lifestyle; reine Naturmotivik; Stock ohne Technikbezug,niedrig,Platzhaltertext in H2 | Lokal: karlsruhe.html
Ulm,https://igienair.de/kunden/referenzen/baden-wuerttemberg/ulm/,RLT-Reinigung nach VDI 6022 Ulm,Professionelle RLT-Anlagenreinigung und mehr – Igienair sorgt mit der RLT-Reinigung nach VDI 6022 für saubere Luft in Ulm und um Ulm herum | Igienair ist Ihr Spezialist für Raumlufthygiene in Ulm – das leisten wir mit der RLT-Reinigung nach VDI 6022 Ulm | Quisque rutrum. Aenean imperdiet. | Ob RLT-Anlagen oder Kühltürme – in Ulm übernimmt Igienair die Hygieneinspektion VDI 6022 sowie die Wartung und Instandsetzung für Sie,RLT-Reinigung nach VDI 6022 Ulm,lueftung; kuehlung; reinigung; inspektion; norm; branche; unternehmen,Referenz-Standort,RLT-Anlage; Lüftungszentrale; Kanäle und Ventile; Reinigungstechniker; Hygieneausrüstung; Vorher/Nachher; Messung; Dokumentation; Inspektion; Stadt/Region; Industrieumfeld; Team vor Ort; Team; Zertifikate; Unternehmensgebäude,generisches Büro ohne Bezug; Lifestyle; reine Naturmotivik; Stock ohne Technikbezug,niedrig,Platzhaltertext in H2 | Lokal: ulm.html
Konstanz,https://igienair.de/kunden/referenzen/baden-wuerttemberg/konstanz/,Raumlufthygiene Konstanz,"Igienair: Ihre Anlaufstelle Nummer 1 für Raumlufthygiene in Konstanz | Desinfektion, Sanierung, Gutachten & mehr: Unsere Leistungen rund um technische Hygiene in Konstanz | Quisque rutrum. Aenean imperdiet. | RLT-Anlagen und Kühlturm Reinigung in Konstanz – Verlassen Sie sich mit Igienair auf einen Experten",Raumlufthygiene Konstanz,luftkanal; lueftung; kuehlung; reinigung; inspektion; norm; unternehmen,Referenz-Standort,Luftkanäle; Kanalreinigung; Techniker an Kanal; RLT-Anlage; Lüftungszentrale; Kanäle und Ventile; Reinigungstechniker; Hygieneausrüstung; Vorher/Nachher; Messung; Dokumentation; Inspektion; Stadt/Region; Industrieumfeld; Team vor Ort; Team; Zertifikate; Unternehmensgebäude,generisches Büro ohne Bezug; Lifestyle; reine Naturmotivik; Stock ohne Technikbezug,niedrig,Platzhaltertext in H2 | Lokal: konstanz.html
Stuttgart,https://igienair.de/kunden/referenzen/baden-wuerttemberg/stuttgart/,Luftkanalreinigung Stuttgart,"Inspektion, Desinfektion & Luftkanalreinigung Stuttgart: Igienair ist Ihr zuverlässiger Partner für die Reinigung von Lüftungsanlagen | Lüftungsreinigung Stuttgart & mehr: Unsere Leistungen im Rahmen der Luftkanalreinigung in Stuttgart und darüber hinaus | Quisque rutrum. Aenean imperdiet. | Darum Igienair: Ihr Partner für Lüftungsreinigung in Stuttgart",Luftkanalreinigung Stuttgart,luftkanal; lueftung; kuehlung; reinigung; inspektion; norm; unternehmen,Referenz-Standort,Luftkanäle; Kanalreinigung; Techniker an Kanal; RLT-Anlage; Lüftungszentrale; Kanäle und Ventile; Reinigungstechniker; Hygieneausrüstung; Vorher/Nachher; Messung; Dokumentation; Inspektion; Stadt/Region; Industrieumfeld; Team vor Ort; Team; Zertifikate; Unternehmensgebäude,generisches Büro ohne Bezug; Lifestyle; reine Naturmotivik; Stock ohne Technikbezug,niedrig,Platzhaltertext in H2 | Lokal: stuttgart.html
Mannheim,https://igienair.de/kunden/referenzen/baden-wuerttemberg/mannheim/,Saubere Luft für Mannheim,"Igienair: Für eine professionelle Reinigung und Desinfektion Ihrer RLT-Anlagen in Mannheim | Unsere Leistungen rund um Kühltürme, Lüftungskanäle und RLT-Anlagen in Mannheim | Quisque rutrum. Aenean imperdiet. | Igienair: Kühlturm und RLT-Anlagen Reinigung in Mannheim vom Profi",Saubere Luft für Mannheim,lueftung; kuehlung; reinigung; inspektion; norm; unternehmen,Referenz-Standort,RLT-Anlage; Lüftungszentrale; Kanäle und Ventile; Reinigungstechniker; Hygieneausrüstung; Vorher/Nachher; Messung; Dokumentation; Inspektion; Stadt/Region; Industrieumfeld; Team vor Ort; Team; Zertifikate; Unternehmensgebäude,generisches Büro ohne Bezug; Lifestyle; reine Naturmotivik; Stock ohne Technikbezug,niedrig,Platzhaltertext in H2 | Lokal: mannheim.html
Heidelberg,https://igienair.de/kunden/referenzen/baden-wuerttemberg/heidelberg/,Saubere Luft für Heidelberg,"RLT-Anlagen Reinigung Heidelberg: Gewährleisten Sie mit Hygieneinspektion, Luftkanalreinigung und mehr den sicheren Betrieb Ihrer Anlagen | Von Hygieneinspektion bis Luftkanalreinigung: In Heidelberg bieten wir alle Leistungen für technische Hygiene | Quisque rutrum. Aenean imperdiet. | RLT-Anlagen- und Luftkanalreinigung sowie Hygieneinspektion in Heidelberg: Darum ist Igienair Ihr starker Partner",Saubere Luft für Heidelberg,luftkanal; lueftung; reinigung; inspektion; norm,Referenz-Standort,Luftkanäle; Kanalreinigung; Techniker an Kanal; RLT-Anlage; Lüftungszentrale; Kanäle und Ventile; Reinigungstechniker; Hygieneausrüstung; Vorher/Nachher; Messung; Dokumentation; Inspektion; Stadt/Region; Industrieumfeld; Team vor Ort,generisches Büro ohne Bezug; Lifestyle; reine Naturmotivik; Stock ohne Technikbezug,niedrig,Platzhaltertext in H2 | Lokal: heidelberg.html
Freiburg,https://igienair.de/kunden/referenzen/baden-wuerttemberg/freiburg/,Raumlufthygiene Freiburg,"Igienair leistet Inspektion, Reinigung und Wartung für Sie | Das Leistungsspektrum von Igienair: Begutachtung, Sanierung und Reinigung von Kühltürmen und RLT-Anlagen in Freiburg | Quisque rutrum. Aenean imperdiet. | Professionelle Reinigung von Kühlturm- und RLT-Anlagen in Freiburg – Vertrauen Sie mit Igienair auf fachgerechte Ergebniss",Raumlufthygiene Freiburg,luftkanal; lueftung; kuehlturm; kuehlung; reinigung; inspektion; norm,Referenz-Standort,Luftkanäle; Kanalreinigung; Techniker an Kanal; RLT-Anlage; Lüftungszentrale; Kanäle und Ventile; Kühlturm; Verdunstungskühler; Wetterschutz; Reinigungstechniker; Hygieneausrüstung; Vorher/Nachher; Messung; Dokumentation; Inspektion; Stadt/Region; Industrieumfeld; Team vor Ort,generisches Büro ohne Bezug; Lifestyle; reine Naturmotivik; Stock ohne Technikbezug,niedrig,Platzhaltertext in H2 | Lokal: freiburg.html
Rheinland-Pfalz,https://igienair.de/kunden/referenzen/rheinland-pfalz/,Kunden in Rheinland-Pfalz,Produktives Rheinland-Pfalz dank sauberer Raumluft,Kunden in Rheinland-Pfalz,lueftung; reinigung; branche; unternehmen,Referenz-Standort,RLT-Anlage; Lüftungszentrale; Kanäle und Ventile; Reinigungstechniker; Hygieneausrüstung; Vorher/Nachher; Stadt/Region; Industrieumfeld; Team vor Ort; Team; Zertifikate; Unternehmensgebäude,generisches Büro ohne Bezug; Lifestyle; reine Naturmotivik; Stock ohne Technikbezug,hoch,Lokal: rheinland-pfalz.html
Koblenz,https://igienair.de/kunden/referenzen/rheinland-pfalz/koblenz/,Kunden in Koblenz,"Technische Hygiene von Igienair: Inspektion, Reinigung und Sanierung von Rückkühlwerken und RLT-Anlagen in Koblenz | Igienair: Wir gewährleisten die vorschriftsmäßige Funktion Ihrer Kühltürme und RLT-Anlagen in Koblenz | Quisque rutrum. Aenean imperdiet. | Igienair ist Ihr zuverlässiger Experte für technische Hygienearbeiten an RLT-Anlagen in Koblenz",Kunden in Koblenz,lueftung; kuehlung; reinigung; inspektion; unternehmen; job,Referenz-Standort,RLT-Anlage; Lüftungszentrale; Kanäle und Ventile; Reinigungstechniker; Hygieneausrüstung; Vorher/Nachher; Messung; Dokumentation; Inspektion; Stadt/Region; Industrieumfeld; Team vor Ort; Team; Zertifikate; Unternehmensgebäude; Arbeitsschutz; Reinigung im Einsatz; Teamarbeit,generisches Büro ohne Bezug; Lifestyle; reine Naturmotivik; Stock ohne Technikbezug,niedrig,Platzhaltertext in H2 | Lokal: koblenz.html
Trier,https://igienair.de/kunden/referenzen/rheinland-pfalz/trier/,Kunden in Trier,Reinigung und Desinfektion von RLT-Anlagen in Trier – Igienair sorgt für saubere Luft | Unsere Leistungen aus dem Bereich der technischen Hygiene für Kühltürme und RLT-Anlagen in Trier | Quisque rutrum. Aenean imperdiet. | Vertrauen Sie bei der Reinigung Ihrer RLT-Anlagen und Kühltürme in Trier auf die Profis von Igienair,Kunden in Trier,lueftung; kuehlung; reinigung; inspektion; norm; branche; unternehmen,Referenz-Standort,RLT-Anlage; Lüftungszentrale; Kanäle und Ventile; Reinigungstechniker; Hygieneausrüstung; Vorher/Nachher; Messung; Dokumentation; Inspektion; Stadt/Region; Industrieumfeld; Team vor Ort; Team; Zertifikate; Unternehmensgebäude,generisches Büro ohne Bezug; Lifestyle; reine Naturmotivik; Stock ohne Technikbezug,niedrig,Platzhaltertext in H2 | Lokal: trier.html
Mainz,https://igienair.de/kunden/referenzen/rheinland-pfalz/mainz/,Kunden in Mainz,"Zuverlässige Leistungen für RLT-Anlagen und Kühltürme in Mainz: Igienair übernimmt für Sie Inspektion, Reinigung, Sanierung und vieles mehr | Umfassende Leistungen für RLT-Anlagen und mehr in Mainz – Erfahren Sie mehr über unsere Arbeit | Quisque rutrum. Aenean imperdiet. | Setzen Sie mit Igienair auf professionellen Service für den Betrieb von RLT-Anlagen, Luftkanälen und Kühltürmen in Mainz",Kunden in Mainz,lueftung; kuehlung; reinigung; inspektion; norm,Referenz-Standort,RLT-Anlage; Lüftungszentrale; Kanäle und Ventile; Reinigungstechniker; Hygieneausrüstung; Vorher/Nachher; Messung; Dokumentation; Inspektion; Stadt/Region; Industrieumfeld; Team vor Ort,generisches Büro ohne Bezug; Lifestyle; reine Naturmotivik; Stock ohne Technikbezug,niedrig,Platzhaltertext in H2 | Lokal: mainz.html
Kaiserslautern,https://igienair.de/kunden/referenzen/rheinland-pfalz/kaiserslautern/,Kunden in Kaiserslautern,Igienair sorgt für technische Hygiene und eine einwandfreie Funktion Ihrer RLT-Anlagen in Kaiserslautern | Was leistet Igienair im Bereich RLT-Anlagen in Kaiserslautern? Unsere Leistungen im Überblick | Quisque rutrum. Aenean imperdiet. | Igienair ist Ihr zuverlässiger Partner für sämtliche Arbeiten rund um Kühltürme und RLT-Anlagen in Kaiserslautern,Kunden in Kaiserslautern,luftkanal; lueftung; kuehlung; reinigung; inspektion; unternehmen,Referenz-Standort,Luftkanäle; Kanalreinigung; Techniker an Kanal; RLT-Anlage; Lüftungszentrale; Kanäle und Ventile; Reinigungstechniker; Hygieneausrüstung; Vorher/Nachher; Messung; Dokumentation; Inspektion; Stadt/Region; Industrieumfeld; Team vor Ort; Team; Zertifikate; Unternehmensgebäude,generisches Büro ohne Bezug; Lifestyle; reine Naturmotivik; Stock ohne Technikbezug,niedrig,Platzhaltertext in H2 | Lokal: kaiserslautern.html
Ludwigshafen,https://igienair.de/kunden/referenzen/rheinland-pfalz/ludwigshafen/,Kunden in Ludwigshafen,"Hygieneinspektion, Instandhaltung und mehr: Igienair besorgt in Ludwigshafen die Pflege Ihrer Lüftungsanlagen | Starke Leistungen rund um technische Hygiene in Ludwigshafen: Das bietet Igienair | Quisque rutrum. Aenean imperdiet. | Sichere Qualität: Igienair ist in Ludwigshafen Ihr Partner für hygienisch saubere RLT-Anlagen, Luftkanäle, Kühltürme und mehr",Kunden in Ludwigshafen,lueftung; kuehlung; reinigung; inspektion; unternehmen,Referenz-Standort,RLT-Anlage; Lüftungszentrale; Kanäle und Ventile; Reinigungstechniker; Hygieneausrüstung; Vorher/Nachher; Messung; Dokumentation; Inspektion; Stadt/Region; Industrieumfeld; Team vor Ort; Team; Zertifikate; Unternehmensgebäude,generisches Büro ohne Bezug; Lifestyle; reine Naturmotivik; Stock ohne Technikbezug,niedrig,Platzhaltertext in H2 | Lokal: ludwigshafen.html
Wittlich,https://igienair.de/kunden/referenzen/rheinland-pfalz/wittlich/,Kunden Wittlich,Rundum-Service für technische Hygiene in Wittlich: Igienair ist Ihr Dienstleister für den sauberen Betrieb von RLT-Anlagen und Kühltürmen | Einwandfreie technische Hygiene – Unsere Leistungen für RLT-Anlagen in Wittlich | Quisque rutrum. Aenean imperdiet. | Reinigung von RLT-Anlagen mit Luftkanälen sowie von Kühltürmen und vielem mehr: Darum ist Igienair Ihr starker Partner in Wittlich und Umgebung,Kunden Wittlich,lueftung; kuehlung; reinigung; inspektion; norm; unternehmen,Referenz-Standort,RLT-Anlage; Lüftungszentrale; Kanäle und Ventile; Reinigungstechniker; Hygieneausrüstung; Vorher/Nachher; Messung; Dokumentation; Inspektion; Stadt/Region; Industrieumfeld; Team vor Ort; Team; Zertifikate; Unternehmensgebäude,generisches Büro ohne Bezug; Lifestyle; reine Naturmotivik; Stock ohne Technikbezug,niedrig,Platzhaltertext in H2 | Lokal: wittlich.html
Bitburg,https://igienair.de/kunden/referenzen/rheinland-pfalz/bitburg/,Kunden in Bitburg,"Ihr verlässlicher Partner in Bitburg für normkonforme Raumluft: Igienair bietet Inspektion, Reinigung, Desinfektion und mehr für Lüftungsanlagen aller Art | Erstklassige Leistungen für RLT-Anlagen in Bitburg – Erfahren Sie mehr über Angebot zur technischen Hygiene Ihrer Lüftungssysteme | Quisque rutrum. Aenean imperdiet. | Entscheiden Sie sich bei der Reinigung von RLT-Anlagen und Kühltürmen in Bitburg für einen zuverlässigen Spezialisten – Igienair",Kunden in Bitburg,lueftung; kuehlung; reinigung; inspektion; norm; unternehmen,Referenz-Standort,RLT-Anlage; Lüftungszentrale; Kanäle und Ventile; Reinigungstechniker; Hygieneausrüstung; Vorher/Nachher; Messung; Dokumentation; Inspektion; Stadt/Region; Industrieumfeld; Team vor Ort; Team; Zertifikate; Unternehmensgebäude,generisches Büro ohne Bezug; Lifestyle; reine Naturmotivik; Stock ohne Technikbezug,niedrig,Platzhaltertext in H2 | Lokal: bitburg.html
Bayern,https://igienair.de/kunden/referenzen/bayern/,Saubere Luft für Bayern,Flächige Bereichsabdeckung für besten Service in Bayern,Saubere Luft für Bayern,lueftung; reinigung; standort; filter,Referenz-Standort,RLT-Anlage; Lüftungszentrale; Kanäle und Ventile; Reinigungstechniker; Hygieneausrüstung; Vorher/Nachher; Stadt/Region; Industrieumfeld; Team vor Ort,generisches Büro ohne Bezug; Lifestyle; reine Naturmotivik; Stock ohne Technikbezug,hoch,Lokal: bayern.html
Nürnberg,https://igienair.de/kunden/referenzen/bayern/nurnberg/,Lüftungsreinigung Nürnberg,Lüftungsreinigung Nürnberg: Igienair ist Ihr Profi für technische Hygiene | Unsere Leistungen im Überblick: Igienair GmbH sorgt mit Lüftungsreinigung in Nürnberg und mehr für beste Raumlufthygiene | Quisque rutrum. Aenean imperdiet. | Setzen Sie auf Igienair: Die Reinigung von RLT-Anlagen und Kühltürmen sowie Lüftungsreinigung in Nürnberg sind unser Spezialgebiet,Lüftungsreinigung Nürnberg,lueftung; kuehlturm; kuehlung; reinigung; inspektion; standort; unternehmen,Referenz-Standort,RLT-Anlage; Lüftungszentrale; Kanäle und Ventile; Kühlturm; Verdunstungskühler; Wetterschutz; Reinigungstechniker; Hygieneausrüstung; Vorher/Nachher; Messung; Dokumentation; Inspektion; Stadt/Region; Industrieumfeld; Team vor Ort; Team; Zertifikate; Unternehmensgebäude,generisches Büro ohne Bezug; Lifestyle; reine Naturmotivik; Stock ohne Technikbezug,niedrig,Platzhaltertext in H2 | Lokal: nurnberg.html
München,https://igienair.de/kunden/referenzen/bayern/munchen/,Luftkanalreinigung München,"Lüftungsreinigung München: Igienair übernimmt die Wartung und Luftkanalreinigung München Ihrer RLT-Anlagen und Kühltürme | Das bietet Ihnen Igienair: Leistungen von Lüftungsreinigung, Luftkanalreinigung bis Reinraumprüfung in München | Quisque rutrum. Aenean imperdiet. | Igienair ist Ihr Ansprechpartner für Raumlufthygiene und Lüftungsreinigung in München und Luftkanalreinigung München",Luftkanalreinigung München,luftkanal; lueftung; reinraum; kuehlung; reinigung; inspektion; standort,Referenz-Standort,Luftkanäle; Kanalreinigung; Techniker an Kanal; RLT-Anlage; Lüftungszentrale; Kanäle und Ventile; Reinigungstechniker; Hygieneausrüstung; Vorher/Nachher; Messung; Dokumentation; Inspektion; Stadt/Region; Industrieumfeld; Team vor Ort,generisches Büro ohne Bezug; Lifestyle; reine Naturmotivik; Stock ohne Technikbezug,niedrig,Platzhaltertext in H2 | Lokal: munchen.html
Augsburg,https://igienair.de/kunden/referenzen/bayern/augsburg/,Luftkanalreinigung Augsburg,Igienair: Professionelle Luftkanalreinigung und Instandhaltung Ihrer RLT-Anlagen in Augsburg | Optimale Raumlufthygiene in Augsburg – Unsere Dienstleistungen in der Zusammenfassung | Quisque rutrum. Aenean imperdiet. | Igienair sorgt für saubere Luft und die ordnungsgemäße Funktion Ihrer RLT-Anlagen in Augsburg und Umgebung,Luftkanalreinigung Augsburg,luftkanal; lueftung; reinigung; inspektion; branche; unternehmen,Referenz-Standort,Luftkanäle; Kanalreinigung; Techniker an Kanal; RLT-Anlage; Lüftungszentrale; Kanäle und Ventile; Reinigungstechniker; Hygieneausrüstung; Vorher/Nachher; Messung; Dokumentation; Inspektion; Stadt/Region; Industrieumfeld; Team vor Ort; Team; Zertifikate; Unternehmensgebäude,generisches Büro ohne Bezug; Lifestyle; reine Naturmotivik; Stock ohne Technikbezug,niedrig,Platzhaltertext in H2 | Lokal: augsburg.html
Ingolstadt,https://igienair.de/kunden/referenzen/bayern/ingolstadt/,RLT Anlagen Reinigung in Ingolstadt,RLT Anlagen Reinigung in Ingolstadt und Reinigung Ihrer Kühltürme durch die zertifizierten Experten von Igienair | RLT Anlagen Reinigung Ingolstadt – Leistungsübersicht von der Hygieneinspektion bis zur Luftkanalreinigung vor Ort | Quisque rutrum. Aenean imperdiet. | Ihr Servicepartner zur Luftkanalreinigung in Ingolstadt – Bei Igienair kommen Erfahrung und Know-how im Bereich raumlufttechnischer Anlagen zusammen,RLT Anlagen Reinigung in Ingolstadt,luftkanal; lueftung; kuehlung; reinigung; inspektion; branche; unternehmen,Referenz-Standort,Luftkanäle; Kanalreinigung; Techniker an Kanal; RLT-Anlage; Lüftungszentrale; Kanäle und Ventile; Reinigungstechniker; Hygieneausrüstung; Vorher/Nachher; Messung; Dokumentation; Inspektion; Stadt/Region; Industrieumfeld; Team vor Ort; Team; Zertifikate; Unternehmensgebäude,generisches Büro ohne Bezug; Lifestyle; reine Naturmotivik; Stock ohne Technikbezug,niedrig,Platzhaltertext in H2 | Lokal: ingolstadt.html
Regensburg,https://igienair.de/kunden/referenzen/bayern/regensburg/,Saubere Luft für Regensburg,"Saubere Luft in der Oberpfalz: Igienair ist Ihr Partner für Inspektion, Reinigung und Instandsetzung von RLT-Anlagen und Kühltürmen in Regensburg | Unsere Leistungen für den hygienischen Betrieb und die Reinigung von RLT-Anlagen, Kühltürmen und mehr in Regensburg | Quisque rutrum. Aenean imperdiet. | Setzen Sie mit Igienair auf einen starken Partner für den sauberen Betrieb von RLT-Anlagen, Luftkanälen und Kühltürmen in Regensburg",Saubere Luft für Regensburg,lueftung; kueche; kuehlung; reinigung; inspektion; norm; branche,Referenz-Standort,RLT-Anlage; Lüftungszentrale; Kanäle und Ventile; Gewerbeküche; Fettfilter; Abluft Haube; Reinigungstechniker; Hygieneausrüstung; Vorher/Nachher; Messung; Dokumentation; Inspektion; Stadt/Region; Industrieumfeld; Team vor Ort,generisches Büro ohne Bezug; Lifestyle; reine Naturmotivik; Stock ohne Technikbezug,niedrig,Platzhaltertext in H2 | Lokal: regensburg.html
Hessen,https://igienair.de/kunden/referenzen/hessen/,Saubere Luft für Hessen,Igienair liefert Qualität und hygienische Raumluft in ganz Hessen,Saubere Luft für Hessen,lueftung; unternehmen,Referenz-Standort,RLT-Anlage; Lüftungszentrale; Kanäle und Ventile; Stadt/Region; Industrieumfeld; Team vor Ort; Team; Zertifikate; Unternehmensgebäude,generisches Büro ohne Bezug; Lifestyle; reine Naturmotivik; Stock ohne Technikbezug,hoch,Lokal: hessen.html
Kassel,https://igienair.de/kunden/referenzen/hessen/kassel/,RLT-Anlagen in Kassel: Reinigung & Sanierung,Kassel: Reinigung und Sanierung von Kühltürmen und RLT-Anlagen | Reinigung und Sanierung Ihrer Kühltürme und RLT-Anlagen in Kassel – Diese Arbeiten führt Igienair durch | Quisque rutrum. Aenean imperdiet. | Igienair: Fachgerechte RLT-Anlagen Reinigung vom Experten,RLT-Anlagen in Kassel: Reinigung & Sanierung,lueftung; kuehlung; reinigung; inspektion; norm; unternehmen,Referenz-Standort,RLT-Anlage; Lüftungszentrale; Kanäle und Ventile; Reinigungstechniker; Hygieneausrüstung; Vorher/Nachher; Messung; Dokumentation; Inspektion; Stadt/Region; Industrieumfeld; Team vor Ort; Team; Zertifikate; Unternehmensgebäude,generisches Büro ohne Bezug; Lifestyle; reine Naturmotivik; Stock ohne Technikbezug,niedrig,Platzhaltertext in H2 | Lokal: kassel.html
Gießen,https://igienair.de/kunden/referenzen/hessen/giessen/,Saubere Luft für Gießen,"Reinigung & Wartung von RLT-Anlagen in Gießen – Sorgen Sie mit einer professionellen Luftkanalreinigung für eine optimale Raumluft | Technische Raumlufthygiene in Gießen – unsere Leistungen in der Übersicht | Quisque rutrum. Aenean imperdiet. | Gutachtenerstellung, Wartung, Reinigung Ihrer RLT-Anlagen in Gießen & mehr – verlassen Sie sich mit Igienair auf einen professionellen Komplettanbieter",Saubere Luft für Gießen,luftkanal; lueftung; kuehlung; reinigung; inspektion; norm,Referenz-Standort,Luftkanäle; Kanalreinigung; Techniker an Kanal; RLT-Anlage; Lüftungszentrale; Kanäle und Ventile; Reinigungstechniker; Hygieneausrüstung; Vorher/Nachher; Messung; Dokumentation; Inspektion; Stadt/Region; Industrieumfeld; Team vor Ort,generisches Büro ohne Bezug; Lifestyle; reine Naturmotivik; Stock ohne Technikbezug,niedrig,Platzhaltertext in H2 | Lokal: giessen.html
Wiesbaden,https://igienair.de/kunden/referenzen/hessen/wiesbaden/,Lüftungsreinigung Wiesbaden,Wiesbaden: Normkonforme Reinigung von RLT Anlagen und Verdunstungskühlanlagen mit Igienair | Lüftungsreinigung Wiesbaden – Das Leistungsangebot von Igienair | Quisque rutrum. Aenean imperdiet. | Diese Vorteile bringt eine Lüftungsreinigung in Wiesbaden Ihrem Unternehmen,Lüftungsreinigung Wiesbaden,lueftung; kuehlturm; kuehlung; reinigung; inspektion; norm,Referenz-Standort,RLT-Anlage; Lüftungszentrale; Kanäle und Ventile; Kühlturm; Verdunstungskühler; Wetterschutz; Reinigungstechniker; Hygieneausrüstung; Vorher/Nachher; Messung; Dokumentation; Inspektion; Stadt/Region; Industrieumfeld; Team vor Ort,generisches Büro ohne Bezug; Lifestyle; reine Naturmotivik; Stock ohne Technikbezug,niedrig,Platzhaltertext in H2 | Lokal: wiesbaden.html
Darmstadt,https://igienair.de/kunden/referenzen/hessen/darmstadt/,Saubere Luft für Darmstadt,"Höchste Luftqualität für RLT-Anlagen in Darmstadt – Raumlufthygiene mit Igienair | Wartung und Reinigung von RLT-Anlagen in Darmstadt, Gutachtenerstellung & mehr: Das bietet Ihnen Igienair | Quisque rutrum. Aenean imperdiet. | Vertrauen Sie bei Arbeiten an Ihren Rückkühlwerken und RLT-Anlagen in Darmstadt einem Profi",Saubere Luft für Darmstadt,luftkanal; lueftung; kuehlung; reinigung; inspektion; unternehmen,Referenz-Standort,Luftkanäle; Kanalreinigung; Techniker an Kanal; RLT-Anlage; Lüftungszentrale; Kanäle und Ventile; Reinigungstechniker; Hygieneausrüstung; Vorher/Nachher; Messung; Dokumentation; Inspektion; Stadt/Region; Industrieumfeld; Team vor Ort; Team; Zertifikate; Unternehmensgebäude,generisches Büro ohne Bezug; Lifestyle; reine Naturmotivik; Stock ohne Technikbezug,niedrig,Platzhaltertext in H2 | Lokal: darmstadt.html
Frankfurt,https://igienair.de/kunden/referenzen/hessen/frankfurt/,Saubere Luft für Frankfurt,"Luftkanalreinigung in Frankfurt, Inspektion VDI 6022 & mehr – Igienair sorgt für eine optimale Raumlufthygiene | Luftkanalreinigung Frankfurt & Lüftungsreinigung Frankfurt: Mehr als nur einfache Wartung – Igienair sorgt für die normkonforme Funktion Ihrer Lüftungsanlagen | Quisque rutrum. Aenean imperdiet. | Erfahrung & Know-how: Igienair ist Ihr zuverlässiger Partner für die Luftkanalreinigung in Frankfurt, die Lüftungsreinigung in Frankfurt und weitere hygienetechnische Arbeiten in der Region",Saubere Luft für Frankfurt,luftkanal; lueftung; reinigung; inspektion; norm; branche; unternehmen,Referenz-Standort,Luftkanäle; Kanalreinigung; Techniker an Kanal; RLT-Anlage; Lüftungszentrale; Kanäle und Ventile; Reinigungstechniker; Hygieneausrüstung; Vorher/Nachher; Messung; Dokumentation; Inspektion; Stadt/Region; Industrieumfeld; Team vor Ort; Team; Zertifikate; Unternehmensgebäude,generisches Büro ohne Bezug; Lifestyle; reine Naturmotivik; Stock ohne Technikbezug,niedrig,Platzhaltertext in H2 | Lokal: frankfurt.html
Saarland,https://igienair.de/kunden/referenzen/saarland/,Saubere Luft für das Saarland,Igienair für beste Raumluft im Saarland,Saubere Luft für das Saarland,lueftung,Referenz-Standort,RLT-Anlage; Lüftungszentrale; Kanäle und Ventile; Stadt/Region; Industrieumfeld; Team vor Ort,generisches Büro ohne Bezug; Lifestyle; reine Naturmotivik; Stock ohne Technikbezug,hoch,Lokal: saarland.html
Merzig,https://igienair.de/kunden/referenzen/saarland/merzig/,Saubere Luft für Merzig,Reinigung von RLT-Anlagen in Merzig und mehr mit Igienair | Reinigung von RLT-Anlagen in Merzig und mehr: Ein erster Blick auf die Leistungen von Igienair | Quisque rutrum. Aenean imperdiet. | Qualität und Service: Darum ist Igienair Ihr Partner für die Instandhaltung und Instandsetzung von Kühltürmen und RLT-Anlagen in Merzig,Saubere Luft für Merzig,lueftung; kuehlung; reinigung; inspektion; unternehmen,Referenz-Standort,RLT-Anlage; Lüftungszentrale; Kanäle und Ventile; Reinigungstechniker; Hygieneausrüstung; Vorher/Nachher; Messung; Dokumentation; Inspektion; Stadt/Region; Industrieumfeld; Team vor Ort; Team; Zertifikate; Unternehmensgebäude,generisches Büro ohne Bezug; Lifestyle; reine Naturmotivik; Stock ohne Technikbezug,niedrig,Platzhaltertext in H2 | Lokal: merzig.html
Homburg,https://igienair.de/kunden/referenzen/saarland/homburg/,Saubere Luft für Homburg,Saubere Luft dank Igienair: Ihr Experte für RLT-Anlagen Reinigung und Raumlufthygiene in Homburg,Saubere Luft für Homburg,lueftung; kuehlturm; kuehlung; reinigung; inspektion; norm,Referenz-Standort,RLT-Anlage; Lüftungszentrale; Kanäle und Ventile; Kühlturm; Verdunstungskühler; Wetterschutz; Reinigungstechniker; Hygieneausrüstung; Vorher/Nachher; Messung; Dokumentation; Inspektion; Stadt/Region; Industrieumfeld; Team vor Ort,generisches Büro ohne Bezug; Lifestyle; reine Naturmotivik; Stock ohne Technikbezug,hoch,Lokal: homburg.html
Saarbrücken,https://igienair.de/kunden/referenzen/saarland/saarbrucken/,Saubere Luft für Saarbrücken,"Beste Raumluft in Saarbrücken: Igienair kümmert sich um die Reinigung Ihrer RLT-Anlagen | Igienair in Saarbrücken: Diese Arbeiten führen wir rund um die Bereiche Hygiene, Instandhaltung und Reinigung von RLT-Anlagen durch | Quisque rutrum. Aenean imperdiet. | Entscheiden auch Sie sich für Igienair: RLT-Anlagen und Kühlturmsysteme warten und reinigen wir zuverlässig",Saubere Luft für Saarbrücken,lueftung; kuehlturm; kuehlung; reinigung; inspektion; norm; unternehmen,Referenz-Standort,RLT-Anlage; Lüftungszentrale; Kanäle und Ventile; Kühlturm; Verdunstungskühler; Wetterschutz; Reinigungstechniker; Hygieneausrüstung; Vorher/Nachher; Messung; Dokumentation; Inspektion; Stadt/Region; Industrieumfeld; Team vor Ort; Team; Zertifikate; Unternehmensgebäude,generisches Büro ohne Bezug; Lifestyle; reine Naturmotivik; Stock ohne Technikbezug,niedrig,Platzhaltertext in H2 | Lokal: saarbrucken.html
NRW,https://igienair.de/kunden/referenzen/nrw/,Saubere Luft für NRW,Zufriedene Kunden in NRWs Ballungszentren,Saubere Luft für NRW,lueftung; reinigung; inspektion; unternehmen,Referenz-Standort,RLT-Anlage; Lüftungszentrale; Kanäle und Ventile; Reinigungstechniker; Hygieneausrüstung; Vorher/Nachher; Messung; Dokumentation; Inspektion; Stadt/Region; Industrieumfeld; Team vor Ort; Team; Zertifikate; Unternehmensgebäude,generisches Büro ohne Bezug; Lifestyle; reine Naturmotivik; Stock ohne Technikbezug,hoch,Lokal: nrw.html
Bonn,https://igienair.de/kunden/referenzen/nrw/bonn/,Luftkanalreinigung Bonn,Luftkanalreinigung Bonn: Zur Reinigung von RLT Anlagen und Kühltürmen ist Igienair Ihr Fachbetrieb der Wahl | Raumlufthygiene vom Profi: Ihre RLT Anlagen Reinigung in Bonn und viele weitere Leistungen der Firma Igienair | Quisque rutrum. Aenean imperdiet. | Hygienetechnische Arbeiten nach Maß: Für die RLT Anlagen Reinigung in Bonn und viele weitere raumlufttechnische Maßnahmen ist Igienair Ihr Fachbetrieb,Luftkanalreinigung Bonn,luftkanal; lueftung; kuehlung; reinigung; inspektion; norm; job,Referenz-Standort,Luftkanäle; Kanalreinigung; Techniker an Kanal; RLT-Anlage; Lüftungszentrale; Kanäle und Ventile; Reinigungstechniker; Hygieneausrüstung; Vorher/Nachher; Messung; Dokumentation; Inspektion; Stadt/Region; Industrieumfeld; Team vor Ort; Arbeitsschutz; Reinigung im Einsatz; Teamarbeit,generisches Büro ohne Bezug; Lifestyle; reine Naturmotivik; Stock ohne Technikbezug,niedrig,Platzhaltertext in H2 | Lokal: bonn.html
Duisburg,https://igienair.de/kunden/referenzen/nrw/duisburg/,Luftkanalreinigung Duisburg,"Luftkanalreinigung Duisburg: Igienair ist Ihr Fachbetrieb für die technische Hygiene Ihrer RLT-Anlagen | RLT Anlagen Reinigung Duisburg – Alle Leistungen im Bereich Inspektion, Reinigung und Sanierung im Überblick | Quisque rutrum. Aenean imperdiet. | Serviceleistungen rund um Ihre RLT Anlagen in Duisburg – Bei Igienair sind alle technischen Hygienearbeiten in qualifizierten Händen",Luftkanalreinigung Duisburg,luftkanal; lueftung; kuehlung; reinigung; inspektion; norm; branche; unternehmen; job,Referenz-Standort,Luftkanäle; Kanalreinigung; Techniker an Kanal; RLT-Anlage; Lüftungszentrale; Kanäle und Ventile; Reinigungstechniker; Hygieneausrüstung; Vorher/Nachher; Messung; Dokumentation; Inspektion; Stadt/Region; Industrieumfeld; Team vor Ort; Team; Zertifikate; Unternehmensgebäude; Arbeitsschutz; Reinigung im Einsatz; Teamarbeit,generisches Büro ohne Bezug; Lifestyle; reine Naturmotivik; Stock ohne Technikbezug,niedrig,Platzhaltertext in H2 | Lokal: duisburg.html
Düsseldorf,https://igienair.de/kunden/referenzen/nrw/duesseldorf/,Luftkanalreinigung Düsseldorf,"Luftkanalreinigung Düsseldorf: Igienair ist Ihr Partner für RLT-Anlagen Reinigung, Hygieneinspektion und sicheren Betrieb | RLT Anlagen Reinigung in Düsseldorf: Unsere Leistungen rund um raumlufttechnische Anlagen in der Landeshauptstadt | Quisque rutrum. Aenean imperdiet. | Ihr Partner für Raumlufthygiene: Vertrauen Sie für die Konzeption, Hygieneinspektion und Reinigung von RLT Anlagen sowie Kühltürmen in Düsseldorf auf Igienair",Luftkanalreinigung Düsseldorf,luftkanal; lueftung; kuehlung; reinigung; inspektion; norm; unternehmen,Referenz-Standort,Luftkanäle; Kanalreinigung; Techniker an Kanal; RLT-Anlage; Lüftungszentrale; Kanäle und Ventile; Reinigungstechniker; Hygieneausrüstung; Vorher/Nachher; Messung; Dokumentation; Inspektion; Stadt/Region; Industrieumfeld; Team vor Ort; Team; Zertifikate; Unternehmensgebäude,generisches Büro ohne Bezug; Lifestyle; reine Naturmotivik; Stock ohne Technikbezug,niedrig,Platzhaltertext in H2 | Lokal: duesseldorf.html
Köln,https://igienair.de/kunden/referenzen/nrw/koeln/,Luftkanalreinigung Köln,Lüftungsreinigung Köln mit Igienair – Von der Hygieneinspektion bis zur RLT Anlagen Reinigung bestens versorgt | Luftkanalreinigung Köln & mehr – Alle Leistungen von Igienair rund um die RLT Anlagen Reinigung auf einen Blick | Quisque rutrum. Aenean imperdiet. | Wartung und Reinigung von RLT Anlagen in Köln & Lüftungsreinigung Köln – Igienair sorgt für einen sicheren und sauberen Betrieb Ihrer raumlufttechnischen Anlagen,Luftkanalreinigung Köln,luftkanal; lueftung; kuehlung; reinigung; inspektion; standort; unternehmen,Referenz-Standort,Luftkanäle; Kanalreinigung; Techniker an Kanal; RLT-Anlage; Lüftungszentrale; Kanäle und Ventile; Reinigungstechniker; Hygieneausrüstung; Vorher/Nachher; Messung; Dokumentation; Inspektion; Stadt/Region; Industrieumfeld; Team vor Ort; Team; Zertifikate; Unternehmensgebäude,generisches Büro ohne Bezug; Lifestyle; reine Naturmotivik; Stock ohne Technikbezug,niedrig,Platzhaltertext in H2 | Lokal: koeln.html
Wuppertal,https://igienair.de/kunden/referenzen/nrw/wuppertal/,Luftkanalreinigung Wuppertal,Luftkanalreinigung Wuppertal: Hygieneinspektion und RLT Anlagen Reinigung sorgen für hygienisch saubere Luft | Von Hygieneinspektion bis RLT-Anlagen Reinigung in Wuppertal: Igienair sorgt für optimale Raumlufthygiene | Quisque rutrum. Aenean imperdiet. | Igienair: Setzen Sie für die RLT-Anlagen- und Luftkanalreinigung sowie die Hygieneinspektion in Wuppertal auf einen kompetenten Partner,Luftkanalreinigung Wuppertal,luftkanal; lueftung; kuehlturm; kueche; kuehlung; reinigung; inspektion; norm; branche,Referenz-Standort,Luftkanäle; Kanalreinigung; Techniker an Kanal; RLT-Anlage; Lüftungszentrale; Kanäle und Ventile; Kühlturm; Verdunstungskühler; Wetterschutz; Gewerbeküche; Fettfilter; Abluft Haube; Reinigungstechniker; Hygieneausrüstung; Vorher/Nachher; Messung; Dokumentation; Inspektion; Stadt/Region; Industrieumfeld; Team vor Ort,generisches Büro ohne Bezug; Lifestyle; reine Naturmotivik; Stock ohne Technikbezug,niedrig,Platzhaltertext in H2 | Lokal: wuppertal.html
Hamburg,https://igienair.de/kunden/referenzen/hamburg/,Kunden im Großraum Hamburg,"Für RLT-Anlagen und Kühlturm Reinigung in Hamburg ist Igienair Ihr Ansprechpartner Nr. 1 | Technische Hygiene, Desinfektion, Sanierung, Gutachten & mehr: Alle Leistungen jetzt auch für den Großraum Hamburg | Quisque rutrum. Aenean imperdiet. | RLT-Anlagen und Kühlturm Reinigung in Hamburg – Verlassen Sie sich auf die zertifizierten Experten von Igienair",Kunden im Großraum Hamburg,lueftung; kuehlturm; kuehlung; reinigung; inspektion; norm; unternehmen,Referenz-Standort,RLT-Anlage; Lüftungszentrale; Kanäle und Ventile; Kühlturm; Verdunstungskühler; Wetterschutz; Reinigungstechniker; Hygieneausrüstung; Vorher/Nachher; Messung; Dokumentation; Inspektion; Stadt/Region; Industrieumfeld; Team vor Ort; Team; Zertifikate; Unternehmensgebäude,generisches Büro ohne Bezug; Lifestyle; reine Naturmotivik; Stock ohne Technikbezug,niedrig,Platzhaltertext in H2 | Lokal: hamburg.html
Bremen,https://igienair.de/kunden/referenzen/hamburg/bremen/,Kunden in Bremen,"Hygieneinspektion VDI 6022 und Gutachtenerstellung für RLT-Anlagen und Kühltürme in Bremen: Igienair ist Ihr Ansprechpartner Nummer 1 | Technische Hygiene, Desinfektion, Sanierung, Gutachten & mehr: Alle Leistungen jetzt auch für den Großraum Bremen | Quisque rutrum. Aenean imperdiet. | RLT-Anlagen und Kühlturm Reinigung – Verlassen Sie sich auf die zertifizierten Experten von Igienair",Kunden in Bremen,lueftung; kuehlturm; kuehlung; reinigung; inspektion; norm; unternehmen,Referenz-Standort,RLT-Anlage; Lüftungszentrale; Kanäle und Ventile; Kühlturm; Verdunstungskühler; Wetterschutz; Reinigungstechniker; Hygieneausrüstung; Vorher/Nachher; Messung; Dokumentation; Inspektion; Stadt/Region; Industrieumfeld; Team vor Ort; Team; Zertifikate; Unternehmensgebäude,generisches Büro ohne Bezug; Lifestyle; reine Naturmotivik; Stock ohne Technikbezug,niedrig,Platzhaltertext in H2 | Lokal: bremen.html
Buxtehude,https://igienair.de/kunden/referenzen/hamburg/buxtehude/,Kunden in Buxtehude,"Für RLT-Anlagen und Kühlturm Reinigung in Buxtehude ist Igienair Ihr Ansprechpartner Nr. 1 | Technische Hygiene, Desinfektion, Sanierung, Gutachten & mehr: Alle Leistungen jetzt auch für Buxtehude | Quisque rutrum. Aenean imperdiet. | RLT-Anlagen und Kühlturm Reinigung – Verlassen Sie sich auf die zertifizierten Experten von Igienair",Kunden in Buxtehude,lueftung; kuehlturm; kuehlung; reinigung; inspektion; norm; unternehmen,Referenz-Standort,RLT-Anlage; Lüftungszentrale; Kanäle und Ventile; Kühlturm; Verdunstungskühler; Wetterschutz; Reinigungstechniker; Hygieneausrüstung; Vorher/Nachher; Messung; Dokumentation; Inspektion; Stadt/Region; Industrieumfeld; Team vor Ort; Team; Zertifikate; Unternehmensgebäude,generisches Büro ohne Bezug; Lifestyle; reine Naturmotivik; Stock ohne Technikbezug,niedrig,Platzhaltertext in H2 | Lokal: buxtehude.html
Elmshorn,https://igienair.de/kunden/referenzen/hamburg/elmshorn/,Kunden in Elmshorn,"Für RLT-Anlagen und Kühlturm Reinigung in Elmshorn ist Igienair Ihr Ansprechpartner Nr. 1 | Technische Hygiene, Desinfektion, Sanierung, Gutachten & mehr: Alle Leistungen jetzt auch für den Elmshorner Raum | Quisque rutrum. Aenean imperdiet. | RLT-Anlagen und Kühlturm Reinigung – Verlassen Sie sich auf die zertifizierten Experten von Igienair",Kunden in Elmshorn,lueftung; kuehlturm; kuehlung; reinigung; inspektion; norm; unternehmen,Referenz-Standort,RLT-Anlage; Lüftungszentrale; Kanäle und Ventile; Kühlturm; Verdunstungskühler; Wetterschutz; Reinigungstechniker; Hygieneausrüstung; Vorher/Nachher; Messung; Dokumentation; Inspektion; Stadt/Region; Industrieumfeld; Team vor Ort; Team; Zertifikate; Unternehmensgebäude,generisches Büro ohne Bezug; Lifestyle; reine Naturmotivik; Stock ohne Technikbezug,niedrig,Platzhaltertext in H2 | Lokal: elmshorn.html
Flensburg,https://igienair.de/kunden/referenzen/hamburg/flensburg/,Kunden in Flensburg,"Hygieneinspektion VDI 6022 und Gutachtenerstellung für RLT-Anlagen und Kühltürme in Flensburg: Igienair ist Ihr Ansprechpartner Nummer 1 | Technische Hygiene, Desinfektion, Sanierung, Gutachten & mehr: Alle Leistungen jetzt auch für Flensburg und Umgebung | Quisque rutrum. Aenean imperdiet. | RLT-Anlagen und Kühlturm Reinigung in Flensburg – Verlassen Sie sich auf die zertifizierten Experten von Igienair",Kunden in Flensburg,lueftung; kuehlung; reinigung; inspektion; norm; unternehmen,Referenz-Standort,RLT-Anlage; Lüftungszentrale; Kanäle und Ventile; Reinigungstechniker; Hygieneausrüstung; Vorher/Nachher; Messung; Dokumentation; Inspektion; Stadt/Region; Industrieumfeld; Team vor Ort; Team; Zertifikate; Unternehmensgebäude,generisches Büro ohne Bezug; Lifestyle; reine Naturmotivik; Stock ohne Technikbezug,niedrig,Platzhaltertext in H2 | Lokal: flensburg.html
Kiel,https://igienair.de/kunden/referenzen/hamburg/kiel/,Kunden in Kiel,"RLT-Anlagen und Kühlturm Reinigung in Kiel: Igienair ist Ihr Ansprechpartner Nr. 1 | Technische Hygiene, Desinfektion, Sanierung, Gutachten & mehr: Alle Leistungen jetzt auch für den Großraum Kiel | Quisque rutrum. Aenean imperdiet. | RLT-Anlagen und Kühlturm Reinigung in Hamburg – Verlassen Sie sich auf die zertifizierten Experten von Igienair",Kunden in Kiel,lueftung; kuehlturm; kuehlung; reinigung; inspektion; norm; unternehmen,Referenz-Standort,RLT-Anlage; Lüftungszentrale; Kanäle und Ventile; Kühlturm; Verdunstungskühler; Wetterschutz; Reinigungstechniker; Hygieneausrüstung; Vorher/Nachher; Messung; Dokumentation; Inspektion; Stadt/Region; Industrieumfeld; Team vor Ort; Team; Zertifikate; Unternehmensgebäude,generisches Büro ohne Bezug; Lifestyle; reine Naturmotivik; Stock ohne Technikbezug,niedrig,Platzhaltertext in H2 | Lokal: kiel.html
Lübeck,https://igienair.de/kunden/referenzen/hamburg/luebeck/,Kunden in Lübeck,"Für RLT-Anlagen Reinigung Lübeck und Kühlturm Reinigung ist Igienair Ihr Ansprechpartner Nr. 1 | Technische Hygiene, Desinfektion, Sanierung, Gutachten & mehr: Wir sind in Lübeck und Umgebung für Sie da. | Quisque rutrum. Aenean imperdiet. | RLT-Anlagen und Kühlturm Reinigung – Verlassen Sie sich auf die zertifizierten Experten von Igienair",Kunden in Lübeck,lueftung; kuehlturm; kuehlung; reinigung; inspektion; norm; unternehmen,Referenz-Standort,RLT-Anlage; Lüftungszentrale; Kanäle und Ventile; Kühlturm; Verdunstungskühler; Wetterschutz; Reinigungstechniker; Hygieneausrüstung; Vorher/Nachher; Messung; Dokumentation; Inspektion; Stadt/Region; Industrieumfeld; Team vor Ort; Team; Zertifikate; Unternehmensgebäude,generisches Büro ohne Bezug; Lifestyle; reine Naturmotivik; Stock ohne Technikbezug,niedrig,Platzhaltertext in H2 | Lokal: luebeck.html
Lüneburg,https://igienair.de/kunden/referenzen/hamburg/lueneburg/,Kunden in Lüneburg,"Hygieneinspektion nach VDI 6022 für RLT-Anlagen bzw. eine Gefährdungsbeurteilung nach VDI 2047-2 und 42. BImSchV für Verdunstungskühlanlagen und Kühltürme in Lüneburg durch die Experten von igienair | Technische Hygiene, Desinfektion, Sanierung, Gutachten & mehr: Alle Leistungen jetzt auch für den Lüneburger Raum | Quisque rutrum. Aenean imperdiet. | RLT-Anlagen und Kühlturm Reinigung in Lüneburg – Verlassen Sie sich auf die zertifizierten Experten von Igienair",Kunden in Lüneburg,lueftung; kuehlturm; kuehlung; reinigung; inspektion; norm; unternehmen,Referenz-Standort,RLT-Anlage; Lüftungszentrale; Kanäle und Ventile; Kühlturm; Verdunstungskühler; Wetterschutz; Reinigungstechniker; Hygieneausrüstung; Vorher/Nachher; Messung; Dokumentation; Inspektion; Stadt/Region; Industrieumfeld; Team vor Ort; Team; Zertifikate; Unternehmensgebäude,generisches Büro ohne Bezug; Lifestyle; reine Naturmotivik; Stock ohne Technikbezug,niedrig,Platzhaltertext in H2 | Lokal: lueneburg.html
Munster,https://igienair.de/kunden/referenzen/hamburg/munster/,Kunden in Munster,"Für RLT-Anlagen und Kühlturm Reinigung in Munster ist Igienair Ihr Ansprechpartner Nr. 1 | Technische Hygiene, Desinfektion, Sanierung, Gutachten & mehr: Alle Leistungen jetzt auch für den Raum Munster | Quisque rutrum. Aenean imperdiet. | RLT-Anlagen und Kühlturm Reinigung – Verlassen Sie sich auf die zertifizierten Experten von Igienair",Kunden in Munster,lueftung; kuehlturm; kuehlung; reinigung; inspektion; norm; unternehmen,Referenz-Standort,RLT-Anlage; Lüftungszentrale; Kanäle und Ventile; Kühlturm; Verdunstungskühler; Wetterschutz; Reinigungstechniker; Hygieneausrüstung; Vorher/Nachher; Messung; Dokumentation; Inspektion; Stadt/Region; Industrieumfeld; Team vor Ort; Team; Zertifikate; Unternehmensgebäude,generisches Büro ohne Bezug; Lifestyle; reine Naturmotivik; Stock ohne Technikbezug,niedrig,Platzhaltertext in H2 | Lokal: munster.html
Neumünster,https://igienair.de/kunden/referenzen/hamburg/neumuenster/,Kunden in Neumünster,"Für RLT-Anlagen und Kühlturm Reinigung in Neumünster ist Igienair Ihr Ansprechpartner Nr. 1 | Technische Hygiene, Desinfektion, Sanierung, Gutachten & mehr: Alle Leistungen jetzt auch für den Raum Neumünster | Quisque rutrum. Aenean imperdiet. | RLT-Anlagen und Kühlturm Reinigung – Verlassen Sie sich auf die zertifizierten Experten von Igienair",Kunden in Neumünster,lueftung; kuehlturm; kuehlung; reinigung; inspektion; norm; unternehmen,Referenz-Standort,RLT-Anlage; Lüftungszentrale; Kanäle und Ventile; Kühlturm; Verdunstungskühler; Wetterschutz; Reinigungstechniker; Hygieneausrüstung; Vorher/Nachher; Messung; Dokumentation; Inspektion; Stadt/Region; Industrieumfeld; Team vor Ort; Team; Zertifikate; Unternehmensgebäude,generisches Büro ohne Bezug; Lifestyle; reine Naturmotivik; Stock ohne Technikbezug,niedrig,Platzhaltertext in H2 | Lokal: neumuenster.html
Norderstedt,https://igienair.de/kunden/referenzen/hamburg/norderstedt/,Kunden in Norderstedt,"Für RLT-Anlagen und Kühlturm Reinigung in Norderstedt ist Igienair Ihr Ansprechpartner Nr. 1 | Technische Hygiene, Desinfektion, Sanierung, Gutachten & mehr: Alle Leistungen jetzt auch für den Raum Norderstedt | Quisque rutrum. Aenean imperdiet. | RLT-Anlagen und Kühlturm Reinigung in Norderstedt – Verlassen Sie sich auf die zertifizierten Experten von Igienair",Kunden in Norderstedt,lueftung; kuehlturm; kuehlung; reinigung; inspektion; norm; unternehmen,Referenz-Standort,RLT-Anlage; Lüftungszentrale; Kanäle und Ventile; Kühlturm; Verdunstungskühler; Wetterschutz; Reinigungstechniker; Hygieneausrüstung; Vorher/Nachher; Messung; Dokumentation; Inspektion; Stadt/Region; Industrieumfeld; Team vor Ort; Team; Zertifikate; Unternehmensgebäude,generisches Büro ohne Bezug; Lifestyle; reine Naturmotivik; Stock ohne Technikbezug,niedrig,Platzhaltertext in H2 | Lokal: norderstedt.html
Stade,https://igienair.de/kunden/referenzen/hamburg/stade/,Kunden in Stade,"Hygieneinspektion VDI 6022 und Gutachtenerstellung für RLT-Anlagen, Kühlturm und RLT-Anlagen Reinigung und Desinfektion: Igienair Ist Ihr Ansprechpartner Nummer 1 | Technische Hygiene, Desinfektion, Sanierung, Gutachten & mehr: Alle Leistungen jetzt auch für den Stader Raum | Quisque rutrum. Aenean imperdiet. | RLT-Anlagen und Kühlturm Reinigung in Stade – Verlassen Sie sich auf die zertifizierten Experten von Igienair",Kunden in Stade,lueftung; kuehlturm; kuehlung; reinigung; inspektion; norm; unternehmen,Referenz-Standort,RLT-Anlage; Lüftungszentrale; Kanäle und Ventile; Kühlturm; Verdunstungskühler; Wetterschutz; Reinigungstechniker; Hygieneausrüstung; Vorher/Nachher; Messung; Dokumentation; Inspektion; Stadt/Region; Industrieumfeld; Team vor Ort; Team; Zertifikate; Unternehmensgebäude,generisches Büro ohne Bezug; Lifestyle; reine Naturmotivik; Stock ohne Technikbezug,niedrig,Platzhaltertext in H2 | Lokal: stade.html
Region Bodensee,https://igienair.de/kunden/referenzen/region-bodensee/,Saubere Luft für die Region Bodensee,Zufriedene Kunden rund um den Bodensee,Saubere Luft für die Region Bodensee,lueftung; reinigung; inspektion; standort; unternehmen,Referenz-Standort,RLT-Anlage; Lüftungszentrale; Kanäle und Ventile; Reinigungstechniker; Hygieneausrüstung; Vorher/Nachher; Messung; Dokumentation; Inspektion; Stadt/Region; Industrieumfeld; Team vor Ort; Team; Zertifikate; Unternehmensgebäude,generisches Büro ohne Bezug; Lifestyle; reine Naturmotivik; Stock ohne Technikbezug,hoch,Lokal: region-bodensee.html
Tuttlingen,https://igienair.de/kunden/referenzen/region-bodensee/tuttlingen/,Kühlturm Wartung Tuttlingen,"Für RLT-Anlagen und Kühlturm Reinigung in Tuttlingen ist Igienair Ihr Ansprechpartner Nr. 1 | Technische Hygiene, Desinfektion, Sanierung, Gutachten & mehr: Alle Leistungen jetzt auch für den Großraum Tuttlingen | Quisque rutrum. Aenean imperdiet. | RLT-Anlagen und Kühlturm Reinigung in Tuttlingen – Verlassen Sie sich auf die zertifizierten Experten von Igienair",Kühlturm Wartung Tuttlingen,lueftung; kuehlturm; kuehlung; reinigung; inspektion; norm; unternehmen,Referenz-Standort,RLT-Anlage; Lüftungszentrale; Kanäle und Ventile; Kühlturm; Verdunstungskühler; Wetterschutz; Reinigungstechniker; Hygieneausrüstung; Vorher/Nachher; Messung; Dokumentation; Inspektion; Stadt/Region; Industrieumfeld; Team vor Ort; Team; Zertifikate; Unternehmensgebäude,generisches Büro ohne Bezug; Lifestyle; reine Naturmotivik; Stock ohne Technikbezug,niedrig,Platzhaltertext in H2 | Lokal: tuttlingen.html
Singen,https://igienair.de/kunden/referenzen/region-bodensee/singen/,Kühlturm Wartung Singen,"Für RLT-Anlagen und Kühlturm Reinigung in Singen ist Igienair Ihr Ansprechpartner Nr. 1 | Technische Hygiene, Desinfektion, Sanierung, Gutachten & mehr: Alle Leistungen jetzt auch für den Großraum Singen | Quisque rutrum. Aenean imperdiet. | RLT-Anlagen und Kühlturm Reinigung in Singen – Verlassen Sie sich auf die zertifizierten Experten von Igienair",Kühlturm Wartung Singen,lueftung; kuehlturm; kuehlung; reinigung; inspektion; norm; unternehmen,Referenz-Standort,RLT-Anlage; Lüftungszentrale; Kanäle und Ventile; Kühlturm; Verdunstungskühler; Wetterschutz; Reinigungstechniker; Hygieneausrüstung; Vorher/Nachher; Messung; Dokumentation; Inspektion; Stadt/Region; Industrieumfeld; Team vor Ort; Team; Zertifikate; Unternehmensgebäude,generisches Büro ohne Bezug; Lifestyle; reine Naturmotivik; Stock ohne Technikbezug,niedrig,Platzhaltertext in H2 | Lokal: singen.html
Freidrichshafen,https://igienair.de/kunden/referenzen/region-bodensee/friedrichshafen/,Kühlturm Wartung Friedrichshafen,"Für RLT-Anlagen und Kühlturm Reinigung in Friedrichshafen ist Igienair Ihr Ansprechpartner Nr. 1 | Technische Hygiene, Desinfektion, Sanierung, Gutachten & mehr: Alle Leistungen jetzt auch für den Großraum Friedrichshafen | Quisque rutrum. Aenean imperdiet. | RLT-Anlagen und Kühlturm Reinigung in Friedrichshafen – Verlassen Sie sich auf die zertifizierten Experten von Igienair",Kühlturm Wartung Friedrichshafen,lueftung; kuehlturm; kuehlung; reinigung; inspektion; norm; unternehmen,Referenz-Standort,RLT-Anlage; Lüftungszentrale; Kanäle und Ventile; Kühlturm; Verdunstungskühler; Wetterschutz; Reinigungstechniker; Hygieneausrüstung; Vorher/Nachher; Messung; Dokumentation; Inspektion; Stadt/Region; Industrieumfeld; Team vor Ort; Team; Zertifikate; Unternehmensgebäude,generisches Büro ohne Bezug; Lifestyle; reine Naturmotivik; Stock ohne Technikbezug,niedrig,Platzhaltertext in H2 | Lokal: friedrichshafen.html
Ravensburg,https://igienair.de/kunden/referenzen/region-bodensee/ravensburg/,Kühlturm Wartung Ravensburg,"Für RLT-Anlagen und Kühlturm Reinigung in Ravensburg ist Igienair Ihr Ansprechpartner Nr. 1 | Technische Hygiene, Desinfektion, Sanierung, Gutachten & mehr: Alle Leistungen jetzt auch für den Großraum Ravensburg | Quisque rutrum. Aenean imperdiet. | RLT-Anlagen und Kühlturm Reinigung in Ravensburg – Verlassen Sie sich auf die zertifizierten Experten von Igienair",Kühlturm Wartung Ravensburg,lueftung; kuehlturm; kuehlung; reinigung; inspektion; norm; unternehmen,Referenz-Standort,RLT-Anlage; Lüftungszentrale; Kanäle und Ventile; Kühlturm; Verdunstungskühler; Wetterschutz; Reinigungstechniker; Hygieneausrüstung; Vorher/Nachher; Messung; Dokumentation; Inspektion; Stadt/Region; Industrieumfeld; Team vor Ort; Team; Zertifikate; Unternehmensgebäude,generisches Büro ohne Bezug; Lifestyle; reine Naturmotivik; Stock ohne Technikbezug,niedrig,Platzhaltertext in H2 | Lokal: ravensburg.html
Sigmaringen,https://igienair.de/kunden/referenzen/region-bodensee/sigmaringen/,Kühlturm Wartung Sigmaringen,"Für RLT-Anlagen und Kühlturm Reinigung in Sigmaringen ist Igienair Ihr Ansprechpartner Nr. 1 | Technische Hygiene, Desinfektion, Sanierung, Gutachten & mehr: Alle Leistungen jetzt auch für den Großraum Sigmaringen | Quisque rutrum. Aenean imperdiet. | RLT-Anlagen und Kühlturm Reinigung in Sigmaringen – Verlassen Sie sich auf die zertifizierten Experten von Igienair",Kühlturm Wartung Sigmaringen,lueftung; kuehlturm; kuehlung; reinigung; inspektion; norm; unternehmen,Referenz-Standort,RLT-Anlage; Lüftungszentrale; Kanäle und Ventile; Kühlturm; Verdunstungskühler; Wetterschutz; Reinigungstechniker; Hygieneausrüstung; Vorher/Nachher; Messung; Dokumentation; Inspektion; Stadt/Region; Industrieumfeld; Team vor Ort; Team; Zertifikate; Unternehmensgebäude,generisches Büro ohne Bezug; Lifestyle; reine Naturmotivik; Stock ohne Technikbezug,niedrig,Platzhaltertext in H2 | Lokal: sigmaringen.html
Biberach an der Riß,https://igienair.de/kunden/referenzen/region-bodensee/biberach-an-der-riss/,Kühlturm Wartung Sigmaringen,"Für RLT-Anlagen und Kühlturm Reinigung in Sigmaringen ist Igienair Ihr Ansprechpartner Nr. 1 | Technische Hygiene, Desinfektion, Sanierung, Gutachten & mehr: Alle Leistungen jetzt auch für den Großraum Sigmaringen | Quisque rutrum. Aenean imperdiet. | RLT-Anlagen und Kühlturm Reinigung in Sigmaringen – Verlassen Sie sich auf die zertifizierten Experten von Igienair",Kühlturm Wartung Sigmaringen,lueftung; kuehlturm; kuehlung; reinigung; inspektion; norm; unternehmen,Referenz-Standort,RLT-Anlage; Lüftungszentrale; Kanäle und Ventile; Kühlturm; Verdunstungskühler; Wetterschutz; Reinigungstechniker; Hygieneausrüstung; Vorher/Nachher; Messung; Dokumentation; Inspektion; Stadt/Region; Industrieumfeld; Team vor Ort; Team; Zertifikate; Unternehmensgebäude,generisches Büro ohne Bezug; Lifestyle; reine Naturmotivik; Stock ohne Technikbezug,niedrig,Platzhaltertext in H2 | Lokal: biberach-an-der-riss_v1.html
Memmingen,https://igienair.de/kunden/referenzen/region-bodensee/memmingen/,Kühlturm Wartung in Memmingen,"Für RLT-Anlagen und Kühlturm Reinigung in Memmingen ist Igienair Ihr Ansprechpartner Nr. 1 | Technische Hygiene, Desinfektion, Sanierung, Gutachten & mehr: Alle Leistungen jetzt auch für Memmingen | Quisque rutrum. Aenean imperdiet. | RLT-Anlagen und Kühlturm Reinigung in Memmingen – Verlassen Sie sich auf die zertifizierten Experten von Igienair",Kühlturm Wartung in Memmingen,lueftung; kuehlturm; kuehlung; reinigung; inspektion; norm; unternehmen,Referenz-Standort,RLT-Anlage; Lüftungszentrale; Kanäle und Ventile; Kühlturm; Verdunstungskühler; Wetterschutz; Reinigungstechniker; Hygieneausrüstung; Vorher/Nachher; Messung; Dokumentation; Inspektion; Stadt/Region; Industrieumfeld; Team vor Ort; Team; Zertifikate; Unternehmensgebäude,generisches Büro ohne Bezug; Lifestyle; reine Naturmotivik; Stock ohne Technikbezug,niedrig,Platzhaltertext in H2 | Lokal: memmingen.html
Berlin,https://igienair.de/kunden/referenzen/berlin/,Kunden im Großraum Berlin,"Für RLT-Anlagen und Kühlturm Reinigung in Berlin ist Igienair Ihr Ansprechpartner Nr. 1 | Technische Hygiene, Desinfektion, Sanierung, Gutachten & mehr: Alle Leistungen jetzt auch für den Großraum Berlin | Quisque rutrum. Aenean imperdiet. | RLT-Anlagen und Kühlturm Reinigung in Berlin – Verlassen Sie sich auf die zertifizierten Experten von Igienair",Kunden im Großraum Berlin,lueftung; kuehlturm; kuehlung; reinigung; inspektion; norm; standort; unternehmen,Referenz-Standort,RLT-Anlage; Lüftungszentrale; Kanäle und Ventile; Kühlturm; Verdunstungskühler; Wetterschutz; Reinigungstechniker; Hygieneausrüstung; Vorher/Nachher; Messung; Dokumentation; Inspektion; Stadt/Region; Industrieumfeld; Team vor Ort; Team; Zertifikate; Unternehmensgebäude,generisches Büro ohne Bezug; Lifestyle; reine Naturmotivik; Stock ohne Technikbezug,niedrig,Platzhaltertext in H2 | Lokal: berlin.html
Bernau,https://igienair.de/kunden/referenzen/berlin/bernau/,Kunden in Bernau,"Für RLT-Anlagen und Kühlturm Reinigung in Bernau ist Igienair Ihr Ansprechpartner Nr. 1 | Technische Hygiene, Desinfektion, Sanierung, Gutachten & mehr: Alle Leistungen jetzt auch für Bernau und Umgebung | Quisque rutrum. Aenean imperdiet. | RLT-Anlagen und Kühlturm Reinigung in Bernau – Verlassen Sie sich auf die zertifizierten Experten von Igienair",Kunden in Bernau,lueftung; kuehlturm; kuehlung; reinigung; inspektion; norm; unternehmen,Referenz-Standort,RLT-Anlage; Lüftungszentrale; Kanäle und Ventile; Kühlturm; Verdunstungskühler; Wetterschutz; Reinigungstechniker; Hygieneausrüstung; Vorher/Nachher; Messung; Dokumentation; Inspektion; Stadt/Region; Industrieumfeld; Team vor Ort; Team; Zertifikate; Unternehmensgebäude,generisches Büro ohne Bezug; Lifestyle; reine Naturmotivik; Stock ohne Technikbezug,niedrig,Platzhaltertext in H2 | Lokal: bernau.html
Brandenburg,https://igienair.de/kunden/referenzen/berlin/brandenburg/,Kunden in Brandenburg,"Für RLT-Anlagen und Kühlturm Reinigung in Brandenburg ist Igienair Ihr Ansprechpartner Nr. 1 | Technische Hygiene, Desinfektion, Sanierung, Gutachten & mehr: Alle Leistungen jetzt auch für Brandenburg | Quisque rutrum. Aenean imperdiet. | RLT-Anlagen und Kühlturm Reinigung in Brandenburg – Verlassen Sie sich auf die zertifizierten Experten von Igienair",Kunden in Brandenburg,lueftung; kuehlturm; kuehlung; reinigung; inspektion; norm; unternehmen,Referenz-Standort,RLT-Anlage; Lüftungszentrale; Kanäle und Ventile; Kühlturm; Verdunstungskühler; Wetterschutz; Reinigungstechniker; Hygieneausrüstung; Vorher/Nachher; Messung; Dokumentation; Inspektion; Stadt/Region; Industrieumfeld; Team vor Ort; Team; Zertifikate; Unternehmensgebäude,generisches Büro ohne Bezug; Lifestyle; reine Naturmotivik; Stock ohne Technikbezug,niedrig,Platzhaltertext in H2 | Lokal: brandenburg.html
Brandenburg an der Havel,https://igienair.de/kunden/referenzen/berlin/brandenburg-havel/,Kunden in Brandenburg an der Havel,"Für RLT-Anlagen und Kühlturm Reinigung in Brandenburg an der Havel ist Igienair Ihr Ansprechpartner Nr. 1 | Technische Hygiene, Desinfektion, Sanierung, Gutachten & mehr: Alle Leistungen jetzt auch für Brandenburg an der Havel | Quisque rutrum. Aenean imperdiet. | RLT-Anlagen und Kühlturm Reinigung in Brandenburg an der Havel – Verlassen Sie sich auf die zertifizierten Experten von Igienair",Kunden in Brandenburg an der Havel,lueftung; kuehlturm; kuehlung; reinigung; inspektion; norm; unternehmen,Referenz-Standort,RLT-Anlage; Lüftungszentrale; Kanäle und Ventile; Kühlturm; Verdunstungskühler; Wetterschutz; Reinigungstechniker; Hygieneausrüstung; Vorher/Nachher; Messung; Dokumentation; Inspektion; Stadt/Region; Industrieumfeld; Team vor Ort; Team; Zertifikate; Unternehmensgebäude,generisches Büro ohne Bezug; Lifestyle; reine Naturmotivik; Stock ohne Technikbezug,niedrig,Platzhaltertext in H2 | Lokal: brandenburg-havel.html
Cottbus,https://igienair.de/kunden/referenzen/berlin/cottbus/,Kunden in Cottbus,"Für RLT-Anlagen und Kühlturm Reinigung in Cottbus ist Igienair Ihr Ansprechpartner Nr. 1 | Technische Hygiene, Desinfektion, Sanierung, Gutachten & mehr: Alle Leistungen jetzt auch für Cottbus | Quisque rutrum. Aenean imperdiet. | RLT-Anlagen und Kühlturm Reinigung in Cottbus – Verlassen Sie sich auf die zertifizierten Experten von Igienair",Kunden in Cottbus,lueftung; kuehlturm; kuehlung; reinigung; inspektion; norm; unternehmen,Referenz-Standort,RLT-Anlage; Lüftungszentrale; Kanäle und Ventile; Kühlturm; Verdunstungskühler; Wetterschutz; Reinigungstechniker; Hygieneausrüstung; Vorher/Nachher; Messung; Dokumentation; Inspektion; Stadt/Region; Industrieumfeld; Team vor Ort; Team; Zertifikate; Unternehmensgebäude,generisches Büro ohne Bezug; Lifestyle; reine Naturmotivik; Stock ohne Technikbezug,niedrig,Platzhaltertext in H2 | Lokal: cottbus.html
Eberswalde,https://igienair.de/kunden/referenzen/berlin/eberswalde/,Kunden in Eberswalde,"Für RLT-Anlagen und Kühlturm Reinigung in Eberswalde ist Igienair Ihr Ansprechpartner Nr. 1 | Technische Hygiene, Desinfektion, Sanierung, Gutachten & mehr: Alle Leistungen jetzt auch für Eberswalde und Umgebung | Quisque rutrum. Aenean imperdiet. | RLT-Anlagen und Kühlturm Reinigung in Eberswalde – Verlassen Sie sich auf die zertifizierten Experten von Igienair",Kunden in Eberswalde,lueftung; kuehlturm; kuehlung; reinigung; inspektion; norm; unternehmen,Referenz-Standort,RLT-Anlage; Lüftungszentrale; Kanäle und Ventile; Kühlturm; Verdunstungskühler; Wetterschutz; Reinigungstechniker; Hygieneausrüstung; Vorher/Nachher; Messung; Dokumentation; Inspektion; Stadt/Region; Industrieumfeld; Team vor Ort; Team; Zertifikate; Unternehmensgebäude,generisches Büro ohne Bezug; Lifestyle; reine Naturmotivik; Stock ohne Technikbezug,niedrig,Platzhaltertext in H2 | Lokal: eberswalde.html
Falkensee,https://igienair.de/kunden/referenzen/berlin/falkensee/,Kunden in Falkensee,"Für RLT-Anlagen und Kühlturm Reinigung in Falkensee ist Igienair Ihr Ansprechpartner Nr. 1 | Technische Hygiene, Desinfektion, Sanierung, Gutachten & mehr: Alle Leistungen jetzt auch für Falkensee und Umgebung | Quisque rutrum. Aenean imperdiet. | RLT-Anlagen und Kühlturm Reinigung in Falkensee – Verlassen Sie sich auf die zertifizierten Experten von Igienair",Kunden in Falkensee,lueftung; kuehlturm; kuehlung; reinigung; inspektion; norm; unternehmen,Referenz-Standort,RLT-Anlage; Lüftungszentrale; Kanäle und Ventile; Kühlturm; Verdunstungskühler; Wetterschutz; Reinigungstechniker; Hygieneausrüstung; Vorher/Nachher; Messung; Dokumentation; Inspektion; Stadt/Region; Industrieumfeld; Team vor Ort; Team; Zertifikate; Unternehmensgebäude,generisches Büro ohne Bezug; Lifestyle; reine Naturmotivik; Stock ohne Technikbezug,niedrig,Platzhaltertext in H2 | Lokal: falkensee.html
Frankfurt an der Oder,https://igienair.de/kunden/referenzen/berlin/frankfurt-oder/,Kunden in Frankfurt an der Oder,"Für RLT-Anlagen und Kühlturm Reinigung in Frankfurt an der Oder ist Igienair Ihr Ansprechpartner Nr. 1 | Technische Hygiene, Desinfektion, Sanierung, Gutachten & mehr: Alle Leistungen jetzt auch für Frankfurt an der Oder | Quisque rutrum. Aenean imperdiet. | RLT-Anlagen und Kühlturm Reinigung in Frankfurt an der Oder – Verlassen Sie sich auf die zertifizierten Experten von Igienair",Kunden in Frankfurt an der Oder,lueftung; kuehlturm; kuehlung; reinigung; inspektion; norm; unternehmen,Referenz-Standort,RLT-Anlage; Lüftungszentrale; Kanäle und Ventile; Kühlturm; Verdunstungskühler; Wetterschutz; Reinigungstechniker; Hygieneausrüstung; Vorher/Nachher; Messung; Dokumentation; Inspektion; Stadt/Region; Industrieumfeld; Team vor Ort; Team; Zertifikate; Unternehmensgebäude,generisches Büro ohne Bezug; Lifestyle; reine Naturmotivik; Stock ohne Technikbezug,niedrig,Platzhaltertext in H2 | Lokal: frankfurt-oder.html
Oranienburg,https://igienair.de/kunden/referenzen/berlin/oranienburg/,Kunden in Oranienburg,"Für RLT-Anlagen und Kühlturm Reinigung in Oranienburg ist Igienair Ihr Ansprechpartner Nr. 1 | Technische Hygiene, Desinfektion, Sanierung, Gutachten & mehr: Alle Leistungen jetzt auch für Oranienburg | Quisque rutrum. Aenean imperdiet. | RLT-Anlagen und Kühlturm Reinigung in Oranienburg – Verlassen Sie sich auf die zertifizierten Experten von Igienair",Kunden in Oranienburg,lueftung; kuehlturm; kuehlung; reinigung; inspektion; norm; unternehmen,Referenz-Standort,RLT-Anlage; Lüftungszentrale; Kanäle und Ventile; Kühlturm; Verdunstungskühler; Wetterschutz; Reinigungstechniker; Hygieneausrüstung; Vorher/Nachher; Messung; Dokumentation; Inspektion; Stadt/Region; Industrieumfeld; Team vor Ort; Team; Zertifikate; Unternehmensgebäude,generisches Büro ohne Bezug; Lifestyle; reine Naturmotivik; Stock ohne Technikbezug,niedrig,Platzhaltertext in H2 | Lokal: oranienburg.html
Potsdam,https://igienair.de/kunden/referenzen/berlin/potsdam/,Kunden in Potsdam,"Für RLT-Anlagen und Kühlturm Reinigung in Potsdam ist Igienair Ihr Ansprechpartner Nr. 1 | Technische Hygiene, Desinfektion, Sanierung, Gutachten & mehr: Alle Leistungen jetzt auch für Potsdam | Quisque rutrum. Aenean imperdiet. | RLT-Anlagen und Kühlturm Reinigung in Potsdam – Verlassen Sie sich auf die zertifizierten Experten von Igienair",Kunden in Potsdam,lueftung; kuehlturm; kuehlung; reinigung; inspektion; norm; standort; unternehmen,Referenz-Standort,RLT-Anlage; Lüftungszentrale; Kanäle und Ventile; Kühlturm; Verdunstungskühler; Wetterschutz; Reinigungstechniker; Hygieneausrüstung; Vorher/Nachher; Messung; Dokumentation; Inspektion; Stadt/Region; Industrieumfeld; Team vor Ort; Team; Zertifikate; Unternehmensgebäude,generisches Büro ohne Bezug; Lifestyle; reine Naturmotivik; Stock ohne Technikbezug,niedrig,Platzhaltertext in H2 | Lokal: potsdam.html
Jobs,https://igienair.de/jobs/,Jobs,Aktuelle Jobs bei Igienair,Jobs,job,Karriere,Arbeitsschutz; Reinigung im Einsatz; Teamarbeit,generisches Büro ohne Bezug; Lifestyle; reine Naturmotivik; Stock ohne Technikbezug,hoch,Lokal: jobs-2.html
Mitarbeiter/in technische Reinigung,https://igienair.de/jobs/mitarbeiter-technische-reinigung-gesucht/,Wir suchenMitarbeiter/in technische Reinigung (m/w/d),Wir bieten: | Deine Vorteile bei uns | Das sind wir: | Das bist Du:,Wir suchenMitarbeiter/in technische Reinigung (m/w/d),luftkanal; reinigung; unternehmen; job,Leistung,Luftkanäle; Kanalreinigung; Techniker an Kanal; Reinigungstechniker; Hygieneausrüstung; Vorher/Nachher; Team; Zertifikate; Unternehmensgebäude; Arbeitsschutz; Reinigung im Einsatz; Teamarbeit,generisches Büro ohne Bezug; Lifestyle; reine Naturmotivik; Stock ohne Technikbezug,hoch,Lokal: mitarbeiter-technische-reinigung-gesucht.html
Teamleiter/in technische Hygienereinigung,https://igienair.de/jobs/teamleiter-hygienereinigung-gesucht/,Wir suchenTeamleiter/in technische Hygienereinigung (m/w/d),Wir bieten: | Deine Vorteile bei uns | Das sind wir: | Das bist Du:,Wir suchenTeamleiter/in technische Hygienereinigung (m/w/d),luftkanal; reinigung; unternehmen; job,Leistung,Luftkanäle; Kanalreinigung; Techniker an Kanal; Reinigungstechniker; Hygieneausrüstung; Vorher/Nachher; Team; Zertifikate; Unternehmensgebäude; Arbeitsschutz; Reinigung im Einsatz; Teamarbeit,generisches Büro ohne Bezug; Lifestyle; reine Naturmotivik; Stock ohne Technikbezug,hoch,Lokal: teamleiter-hygienereinigung-gesucht.html
Standorte,https://igienair.de/kontakt/,Standorte,Anschrift Hauptsitz,Standorte,lueftung; reinigung; standort; unternehmen,Kontakt,RLT-Anlage; Lüftungszentrale; Kanäle und Ventile; Reinigungstechniker; Hygieneausrüstung; Vorher/Nachher; Stadt/Region; Industrieumfeld; Team vor Ort; Team; Zertifikate; Unternehmensgebäude,generisches Büro ohne Bezug; Lifestyle; reine Naturmotivik; Stock ohne Technikbezug,hoch,Lokal: standorte.html
Angebot anfordern,https://igienair.de/kontakt/angebot-anfordern/,Raumlufthygienefür gesunde Raumluft,Technische Hygiene auf höchstem Niveau | Individuelle Branchenlösungen für echte Raumlufthygiene | Deutschlandweit präsent | Raumlufthygiene durch Reinigung und Desinfektion,Raumlufthygienefür gesunde Raumluft,lueftung; reinigung; inspektion; unternehmen; job,Kontakt,RLT-Anlage; Lüftungszentrale; Kanäle und Ventile; Reinigungstechniker; Hygieneausrüstung; Vorher/Nachher; Messung; Dokumentation; Inspektion; Team; Zertifikate; Unternehmensgebäude; Arbeitsschutz; Reinigung im Einsatz; Teamarbeit,generisches Büro ohne Bezug; Lifestyle; reine Naturmotivik; Stock ohne Technikbezug,niedrig,Platzhaltertext in H2 | Lokal: index.html